,Words,Indexed
0,behemoth,1
1,said,2
2,admst,3
3,grudge,4
4,posts,5
5,waahh,6
6,mali,7
7,others,8
8,behalf,9
9,mobilization,10
10,2k,11
11,muranga,12
12,series,13
13,fought,14
14,abuse,15
15,manages,16
16,ahead,17
17,whoever,18
18,ambia,19
19,supposing,20
20,model,21
21,yeah,22
22,would,23
23,simple,24
24,talking,25
25,personalities,26
26,kilonzo,27
27,liner,28
28,section,29
29,ngcdf,30
30,ju,31
31,07,32
32,constitutional,33
33,sell,34
34,250,35
35,prey,36
36,insult,37
37,become,38
38,functions,39
39,anymore,40
40,1110,41
41,niulize,42
42,sides,43
43,start,44
44,latest,45
45,reason,46
46,gishu,47
47,attend,48
48,outlined,49
49,brains,50
50,302,51
51,noted,52
52,yeolxwoo,53
53,hoodies,54
54,ğŸ”—,55
55,drunk,56
56,photo,57
57,milimu,58
58,miguna,59
59,ğŸ´,60
60,tightly,61
61,cheru,62
62,alarming,63
63,kingpin,64
64,spearhead,65
65,peo,66
66,than,67
67,awatishie,68
68,welcome,69
69,usd,70
70,mamavo,71
71,yaani,72
72,tough,73
73,off,74
74,hakuna,75
75,guy,76
76,forgave,77
77,job,78
78,sought,79
79,ytff,80
80,tours,81
81,reach,82
82,change,83
83,reviving,84
84,junghwan,85
85,dangerous,86
86,confidenti,87
87,joke,88
88,dilemma,89
89,danger,90
90,dished,91
91,dad,92
92,central,93
93,bas,94
94,promising,95
95,received,96
96,ahmed,97
97,pieces,98
98,saccos,99
99,brushed,100
100,walker,101
101,soaked,102
102,recycle,103
103,priority,104
104,jubilee,105
105,opposit,106
106,entitled,107
107,table,108
108,pray,109
109,gm,110
110,learning,111
111,420,112
112,kiongos,113
113,zora,114
114,residents,115
115,tweeps,116
116,bus,117
117,happens,118
118,todays,119
119,inner,120
120,cases,121
121,sheeko,122
122,karu,123
123,followi,124
124,umma,125
125,bo,126
126,mister,127
127,assertion,128
128,saudiarabiangp,129
129,miloo,130
130,fleeced,131
131,permission,132
132,rv,133
133,handing,134
134,guard,135
135,been,136
136,super,137
137,caught,138
138,moving,139
139,equiting,140
140,rep,141
141,choice,142
142,he,143
143,be,144
144,finito,145
145,herd,146
146,kutusi,147
147,11080,148
148,uniting,149
149,awake,150
150,starts,151
151,youll,152
152,exercise,153
153,kinyanjui,154
154,pounds,155
155,raos,156
156,100days,157
157,taliban,158
158,payin,159
159,urges,160
160,deeper,161
161,falling,162
162,court,163
163,perhaps,164
164,pefa,165
165,coun,166
166,laptop,167
167,socks,168
168,reflect,169
169,lo,170
170,amazing,171
171,chubwiii,172
172,gdrive,173
173,conmen,174
174,usually,175
175,hopes,176
176,junkyu,177
177,sing,178
178,eti,179
179,develop,180
180,show,181
181,economic,182
182,madvd,183
183,tanolopefc,184
184,matching,185
185,ğŸ,186
186,appoint,187
187,gather,188
188,placards,189
189,knowledge,190
190,hizi,191
191,roads,192
192,nor,193
193,members,194
194,games,195
195,abd,196
196,networks,197
197,manyora,198
198,hot,199
199,africans,200
200,democr,201
201,bashing,202
202,asiende,203
203,covid,204
204,matiangi,205
205,supporters,206
206,ğŸ¥°,207
207,kiandu,208
208,uda,209
209,malala,210
210,griffinn,211
211,namanga,212
212,wherein,213
213,party,214
214,Â»,215
215,renting,216
216,girls,217
217,ppl,218
218,consolidating,219
219,untafuta,220
220,theg,221
221,dps,222
222,usinishike,223
223,gamble,224
224,make,225
225,executive,226
226,global,227
227,ì•„ì‚¬íˆ,228
228,mampir,229
229,2000,230
230,chebe,231
231,happen,232
232,uplifting,233
233,defrauding,234
234,sense,235
235,wrapped,236
236,donkeys,237
237,shell,238
238,degree,239
239,fanbase,240
240,glee,241
241,10th,242
242,fool,243
243,ganteng,244
244,knows,245
245,few,246
246,partner,247
247,winners,248
248,anapangwa,249
249,flag,250
250,nyamira,251
251,â‰¤,252
252,half,253
253,much,254
254,uncertainty,255
255,ğ—®,256
256,6pm,257
257,dozen,258
258,8million,259
259,tbh,260
260,adrian,261
261,report,262
262,cabbages,263
263,popu,264
264,updates,265
265,honorifics,266
266,hours,267
267,paybi,268
268,amerix,269
269,five,270
270,dm,271
271,eat,272
272,payments,273
273,chopper,274
274,let,275
275,gender,276
276,none,277
277,economywit,278
278,politicians,279
279,oduor,280
280,turned,281
281,raise,282
282,retired,283
283,electorates,284
284,accidentally,285
285,previous,286
286,listening,287
287,touring,288
288,desperately,289
289,ğŸ¯,290
290,wame,291
291,launched,292
292,drunkards,293
293,rallying,294
294,followers,295
295,sus,296
296,haloo,297
297,id,298
298,sentiments,299
299,subaru,300
300,si,301
301,lying,302
302,branding,303
303,sent,304
304,obsession,305
305,nep,306
306,reaction,307
307,fl,308
308,sometime,309
309,ye,310
310,gakure,311
311,aitwe,312
312,ğŸ’”,313
313,server,314
314,huko,315
315,milestone,316
316,imyyy,317
317,reviews,318
318,friendship,319
319,sniff,320
320,cha,321
321,icc,322
322,isaboke,323
323,depending,324
324,ideas,325
325,yours,326
326,determining,327
327,timbuktu,328
328,aspirants,329
329,directives,330
330,wasting,331
331,ditched,332
332,replies,333
333,someone,334
334,jeshi,335
335,chooses,336
336,reasoning,337
337,ill,338
338,current,339
339,does,340
340,request,341
341,respect,342
342,mahali,343
343,passengers,344
344,selca,345
345,kindhearted,346
346,ğŸ¦‹,347
347,app,348
348,forbid,349
349,visited,350
350,gifted,351
351,undergo,352
352,phd,353
353,regarding,354
354,safi,355
355,opondo,356
356,album,357
357,pple,358
358,translate,359
359,billions,360
360,status,361
361,mathira,362
362,pathetic,363
363,pour,364
364,wishes,365
365,badly,366
366,along,367
367,research,368
368,2008,369
369,gurdian,370
370,attempts,371
371,ukweli,372
372,added,373
373,edition,374
374,actions,375
375,threat,376
376,power,377
377,regea,378
378,bribed,379
379,rules,380
380,orange,381
381,therefore,382
382,36,383
383,ã€,384
384,tre,385
385,met,386
386,echesa,387
387,breeds,388
388,slave,389
389,dejavu,390
390,naive,391
391,navy,392
392,picks,393
393,âœ…,394
394,youve,395
395,80,396
396,increasing,397
397,specific,398
398,2,399
399,19,400
400,citing,401
401,matusi,402
402,common,403
403,rai,404
404,24,405
405,she,406
406,comment,407
407,food,408
408,karatina,409
409,funded,410
410,balon,411
411,actors,412
412,kotalel,413
413,jki,414
414,kielewe,415
415,intimidation,416
416,absolute,417
417,omgg,418
418,mouth,419
419,arent,420
420,elect,421
421,last,422
422,reflector,423
423,hmmp,424
424,ğŸ’–,425
425,round,426
426,near,427
427,eldoret,428
428,ğŸ””,429
429,martha,430
430,favorites,431
431,requested,432
432,dead,433
433,bear,434
434,fcking,435
435,distribution,436
436,crook,437
437,jose,438
438,fight,439
439,kinuthia,440
440,ateez,441
441,script,442
442,land,443
443,ë§¤ë ¥ê°€ë“mcì§€í›ˆì´ì™€í•¨ê»˜í• ì‹œê°„,444
444,ataonea,445
445,society,446
446,unique,447
447,wins,448
448,stayc,449
449,pm,450
450,announces,451
451,johnson,452
452,accusing,453
453,ditches,454
454,4get,455
455,ilytoo,456
456,side,457
457,attack,458
458,taken,459
459,crackdown,460
460,services,461
461,murderer,462
462,showcasi,463
463,rightly,464
464,wow,465
465,makau,466
466,happened,467
467,beauty,468
468,rare,469
469,watoto,470
470,drum,471
471,tiktok,472
472,pushed,473
473,portraying,474
474,shine,475
475,kabisa,476
476,works,477
477,pola,478
478,praise,479
479,bcz,480
480,votesruto,481
481,5years,482
482,didnt,483
483,rag,484
484,calls,485
485,ï¾‰,486
486,charge,487
487,liutenant,488
488,in,489
489,appears,490
490,harukyu,491
491,suffers,492
492,plundering,493
493,wealth,494
494,option,495
495,responsible,496
496,kioni,497
497,ondari,498
498,seco,499
499,sunrise,500
500,vision,501
501,models,502
502,prowling,503
503,state,504
504,wetangula,505
505,20132017,506
506,cause,507
507,loss,508
508,teasing,509
509,ğŸ¼,510
510,check,511
511,naked,512
512,lockout,513
513,errant,514
514,space,515
515,self,516
516,haha,517
517,ok,518
518,ğ˜ºğ˜°ğ˜¶ğ˜³,519
519,ellie,520
520,perished,521
521,sinister,522
522,schedule,523
523,beneficiary,524
524,problems,525
525,â–«,526
526,pastors,527
527,m,528
528,at,529
529,ğŸ™Œ,530
530,ğŸ“¹,531
531,asset,532
532,rails,533
533,cousins,534
534,clown,535
535,sold,536
536,awash,537
537,aside,538
538,safer,539
539,seve,540
540,distribute,541
541,uplifted,542
542,prep,543
543,emo,544
544,contrast,545
545,amp,546
546,cala,547
547,competitor,548
548,riv,549
549,collab,550
550,hates,551
551,kitui,552
552,corrected,553
553,sema,554
554,transformed,555
555,benefactor,556
556,myanmar,557
557,circulation,558
558,gakurus,559
559,criticism,560
560,squid,561
561,stood,562
562,twitty,563
563,fertilizer,564
564,apart,565
565,website,566
566,trainee,567
567,wambugus,568
568,rutodn,569
569,ğŸ‘„,570
570,faced,571
571,economy,572
572,camp,573
573,possi,574
574,tmap,575
575,certainly,576
576,sms,577
577,fawk,578
578,x,579
579,locked,580
580,ğŸ«,581
581,town,582
582,ambitious,583
583,qyop,584
584,kimwareer,585
585,1200,586
586,outside,587
587,class,588
588,evict,589
589,mix,590
590,apathy,591
591,unlikely,592
592,usual,593
593,reported,594
594,sycophant,595
595,bunge,596
596,lubi,597
597,boss,598
598,busia,599
599,ruled,600
600,mo,601
601,nex,602
602,momb,603
603,whatever,604
604,magnanimity,605
605,nurture,606
606,bestie,607
607,width,608
608,resources,609
609,tohellwithshell,610
610,ll,611
611,gullible,612
612,ilysm,613
613,ur,614
614,which,615
615,ğŸ¥³,616
616,kiburi,617
617,launch,618
618,wife,619
619,reduces,620
620,comes,621
621,nations,622
622,listened,623
623,chasing,624
624,associates,625
625,rahab,626
626,enemy,627
627,coat,628
628,america,629
629,fit229,630
630,keeps,631
631,bts,632
632,parkjeongwoo,633
633,tour,634
634,completed,635
635,defeated,636
636,mean,637
637,business,638
638,joins,639
639,including,640
640,yanyuki,641
641,overworked,642
642,centre,643
643,kamgut,644
644,compl,645
645,collected,646
646,donated,647
647,walkin,648
648,mkubalia,649
649,situation,650
650,count,651
651,sassy,652
652,believing,653
653,topic,654
654,young,655
655,woo,656
656,andei,657
657,dere,658
658,700000,659
659,their,660
660,hires,661
661,kitaifa,662
662,shall,663
663,100m,664
664,egos,665
665,blv,666
666,ğŸ˜±,667
667,archive,668
668,ğŸ‘‡,669
669,dn,670
670,kiraitu,671
671,mkuu,672
672,stans,673
673,hate,674
674,udaalice,675
675,rms,676
676,gatundu,677
677,sending,678
678,closet,679
679,december,680
680,whos,681
681,advantaged,682
682,zimeanza,683
683,sir,684
684,resonate,685
685,wasupa,686
686,basically,687
687,traffic,688
688,enduring,689
689,message,690
690,silent,691
691,contributed,692
692,laughable,693
693,fai,694
694,resistance,695
695,students,696
696,bit,697
697,week,698
698,merge,699
699,â€¦,700
700,affai,701
701,stop,702
702,chaired,703
703,electric,704
704,sugu,705
705,ó §,706
706,yin,707
707,78,708
708,owiti6,709
709,hinted,710
710,after,711
711,cast,712
712,ğ˜£ğ˜¢ğ˜£ğ˜º,713
713,across,714
714,win,715
715,boring,716
716,sp,717
717,huspend,718
718,outwash,719
719,wallpaper,720
720,ğŸ«‚,721
721,retreat,722
722,ministry,723
723,stunner,724
724,tumejenga,725
725,naver,726
726,kikuyus,727
727,hatred,728
728,to,729
729,top,730
730,ends,731
731,color,732
732,per,733
733,odingas,734
734,ghost,735
735,source,736
736,sakura,737
737,suppor,738
738,bot,739
739,4uda,740
740,clearing,741
741,tuseme,742
742,kenei,743
743,jeongwoo,744
744,082020,745
745,cia,746
746,summer,747
747,spending,748
748,direction,749
749,wembe,750
750,migori,751
751,hao,752
752,rethinking,753
753,within,754
754,illegitimate,755
755,dishing,756
756,wameweka,757
757,vouching,758
758,uko,759
759,ğŸš¨,760
760,blocked,761
761,schools,762
762,birthday,763
763,bethwel,764
764,permedhair,765
765,escape,766
766,2100,767
767,zacharia,768
768,kutenga,769
769,completely,770
770,landscape,771
771,adult,772
772,difference,773
773,men,774
774,vowed,775
775,wanasema,776
776,001voter,777
777,sho,778
778,coalition,779
779,spender,780
780,disintegrated,781
781,draft,782
782,streets,783
783,hbu,784
784,vp,785
785,ytffjp,786
786,was,787
787,intelligence,788
788,gripped,789
789,nps,790
790,favourable,791
791,wewe,792
792,atwt,793
793,ayu,794
794,reprimanded,795
795,command,796
796,legalized,797
797,policies,798
798,logical,799
799,plz,800
800,bee,801
801,impossibility,802
802,auction,803
803,dams,804
804,neither,805
805,doing,806
806,imeoza,807
807,face,808
808,any,809
809,love,810
810,beaten,811
811,betrayer,812
812,impunity,813
813,performed,814
814,them,815
815,four,816
816,des,817
817,exit,818
818,scri,819
819,parallel,820
820,convinced,821
821,ğŸ¥²,822
822,stats,823
823,strengthen,824
824,kill,825
825,seek,826
826,prime,827
827,co,828
828,primer,829
829,realised,830
830,hurting,831
831,concetrate,832
832,buil,833
833,either,834
834,selfquarantine,835
835,honalicewahome,836
836,rutoshe,837
837,comrade,838
838,sweetest,839
839,wanjiku,840
840,obliv,841
841,1st,842
842,goodpresident,843
843,â£,844
844,nyari,845
845,accs,846
846,left,847
847,luck,848
848,the4th,849
849,levelthe,850
850,vaccinated,851
851,afterwards,852
852,regardles,853
853,vincent,854
854,remain,855
855,thing,856
856,hungry,857
857,ya,858
858,imekua,859
859,elections,860
860,walked,861
861,beliefs,862
862,uri,863
863,raila,864
864,areas,865
865,yuk,866
866,idiots,867
867,iyo,868
868,vows,869
869,porn,870
870,dilan,871
871,braggart,872
872,literally,873
873,reaching,874
874,jb,875
875,moots,876
876,atrocities,877
877,goes,878
878,is,879
879,zake,880
880,teusell,881
881,penalty,882
882,monthhe,883
883,reconciling,884
884,e,885
885,liability,886
886,trea,887
887,anger,888
888,efficient,889
889,jakom,890
890,tractor,891
891,magara,892
892,4th,893
893,particular,894
894,kanu,895
895,connection,896
896,valley,897
897,mbona,898
898,wtb,899
899,stage,900
900,election,901
901,nkatha,902
902,honoring,903
903,duncan,904
904,jesus,905
905,breaks,906
906,runningmate,907
907,these,908
908,tetu,909
909,peoples,910
910,besties,911
911,truly,912
912,leading,913
913,peace,914
914,major,915
915,favour,916
916,woman,917
917,without,918
918,sycophants,919
919,acts,920
920,singlehandedly,921
921,iron,922
922,ongoing,923
923,ğŸ»,924
924,po,925
925,pursuing,926
926,fail,927
927,meddling,928
928,tribalist,929
929,city,930
930,true,931
931,recent,932
932,sabotage,933
933,terribly,934
934,arguing,935
935,beautiful,936
936,mikora,937
937,starting,938
938,grubbing,939
939,drawn,940
940,excites,941
941,omo,942
942,25k,943
943,mail,944
944,ğŸ˜š,945
945,opinion,946
946,remind,947
947,ral,948
948,wit,949
949,ambition,950
950,æœå…‰,951
951,history,952
952,haruto,953
953,gachagua,954
954,2010,955
955,âœŒ,956
956,narrative,957
957,blocks,958
958,insidepolitcs,959
959,imeb,960
960,slaps,961
961,hat,962
962,jubile,963
963,ğŸ˜ª,964
964,waiting,965
965,ğ—µğ—²ğ˜€,966
966,economywith,967
967,worth,968
968,tonight,969
969,toothles,970
970,statement,971
971,begging,972
972,sick,973
973,mobilized,974
974,sabotages,975
975,intro,976
976,4ruto,977
977,balls,978
978,looter,979
979,month,980
980,vernacular,981
981,mawe,982
982,pushing,983
983,wakisoma,984
984,doyoungie,985
985,pro,986
986,ngunjiri,987
987,invalidated,988
988,englishawuoro,989
989,powerless,990
990,jump,991
991,deserves,992
992,deputize,993
993,perf,994
994,peaceful,995
995,buy,996
996,lazy,997
997,mimi,998
998,trigger,999
999,railas,1000
1000,bombers,1001
1001,exchange,1002
1002,step,1003
1003,muigai,1004
1004,politician,1005
1005,philosophy,1006
1006,lobbying,1007
1007,soda,1008
1008,fall,1009
1009,luv,1010
1010,inroads,1011
1011,participated,1012
1012,nyatieng,1013
1013,yesterday,1014
1014,definitely,1015
1015,mount,1016
1016,visualizing,1017
1017,deputypresidentwilliamruto,1018
1018,hit,1019
1019,jobless,1020
1020,claim,1021
1021,whipped,1022
1022,ndiyo,1023
1023,ippg,1024
1024,ones,1025
1025,sen,1026
1026,form,1027
1027,ngombe,1028
1028,ğŸ¤—,1029
1029,such,1030
1030,covoy,1031
1031,apparently,1032
1032,gideon,1033
1033,rts,1034
1034,kplc,1035
1035,govnr,1036
1036,milk,1037
1037,soon,1038
1038,shule,1039
1039,reliable,1040
1040,rangala,1041
1041,atajua,1042
1042,initiative,1043
1043,prostitution,1044
1044,hiyo,1045
1045,009,1046
1046,thika,1047
1047,2021,1048
1048,thirst,1049
1049,constituti,1050
1050,perfected,1051
1051,switching,1052
1052,disputed,1053
1053,ngendo,1054
1054,genuine,1055
1055,presented,1056
1056,walkover,1057
1057,membe,1058
1058,pondium,1059
1059,mechani,1060
1060,concentrate,1061
1061,throng,1062
1062,sita,1063
1063,museveni,1064
1064,jessy,1065
1065,na,1066
1066,minutes,1067
1067,loyal,1068
1068,junghwanie,1069
1069,age,1070
1070,1,1071
1071,9th,1072
1072,wom,1073
1073,maker,1074
1074,painful,1075
1075,other,1076
1076,guinness,1077
1077,classes,1078
1078,reminds,1079
1079,emerging,1080
1080,farmers,1081
1081,tseikuru,1082
1082,admit,1083
1083,heart,1084
1084,jin,1085
1085,fooled,1086
1086,kyubear,1087
1087,kills,1088
1088,tipe,1089
1089,wouldnt,1090
1090,fell,1091
1091,musyoka,1092
1092,ğŸ‡¸,1093
1093,third,1094
1094,avico,1095
1095,doubting,1096
1096,ruined,1097
1097,believes,1098
1098,content,1099
1099,ğŸ˜¢,1100
1100,huh,1101
1101,disrespects,1102
1102,kupe,1103
1103,stalwarts,1104
1104,dropped,1105
1105,akusaidie,1106
1106,favou,1107
1107,idr,1108
1108,unlucky,1109
1109,nick,1110
1110,grade,1111
1111,time,1112
1112,20078,1113
1113,baringo,1114
1114,favk,1115
1115,grand,1116
1116,tosh,1117
1117,â°,1118
1118,wou,1119
1119,mutahi,1120
1120,by,1121
1121,behold,1122
1122,independence,1123
1123,4,1124
1124,stra,1125
1125,thought,1126
1126,mfumu,1127
1127,haramia,1128
1128,cars,1129
1129,put,1130
1130,4event,1131
1131,eyes,1132
1132,proven,1133
1133,arrests,1134
1134,mum,1135
1135,500,1136
1136,western,1137
1137,smes,1138
1138,govorner,1139
1139,ilyyy,1140
1140,hav,1141
1141,â€•,1142
1142,years,1143
1143,fake,1144
1144,agen,1145
1145,speaker,1146
1146,net,1147
1147,finishes,1148
1148,mayai,1149
1149,greedy,1150
1150,tell,1151
1151,different,1152
1152,travelling,1153
1153,landslide,1154
1154,mathi,1155
1155,kori,1156
1156,affiliated,1157
1157,communications,1158
1158,kipchumba,1159
1159,atarudi,1160
1160,sipangwingwi,1161
1161,aja,1162
1162,entry,1163
1163,sl,1164
1164,kuleni,1165
1165,cute,1166
1166,known,1167
1167,opponent,1168
1168,machinery,1169
1169,kor,1170
1170,ğŸ¤¦,1171
1171,ğŸ¤,1172
1172,procedure,1173
1173,expensive,1174
1174,alliance,1175
1175,led,1176
1176,ğŸ˜,1177
1177,championship,1178
1178,fast,1179
1179,riding,1180
1180,fated,1181
1181,classification,1182
1182,note,1183
1183,onl,1184
1184,caused,1185
1185,aki,1186
1186,extremely,1187
1187,grabbed,1188
1188,yenyu,1189
1189,moneysplashi,1190
1190,multipa,1191
1191,academic,1192
1192,mashamba,1193
1193,7s,1194
1194,days,1195
1195,singing,1196
1196,leaving,1197
1197,kurusha,1198
1198,20,1199
1199,2005,1200
1200,smol,1201
1201,lokui,1202
1202,thi,1203
1203,bellow,1204
1204,times,1205
1205,celebrates,1206
1206,depreciation,1207
1207,123kes,1208
1208,seeker,1209
1209,gre,1210
1210,wycliffe,1211
1211,9,1212
1212,fixed,1213
1213,nightmare,1214
1214,junkyus,1215
1215,multiparty,1216
1216,gained,1217
1217,ğŸ¤£,1218
1218,death,1219
1219,ğŸ‡ª,1220
1220,acknowledged,1221
1221,farm,1222
1222,confession,1223
1223,ğŸŸ,1224
1224,depen,1225
1225,boy,1226
1226,meant,1227
1227,interest,1228
1228,immensely,1229
1229,daylight,1230
1230,aje,1231
1231,peacefulness,1232
1232,normal,1233
1233,reread,1234
1234,cou,1235
1235,havi,1236
1236,gachaguawell,1237
1237,liv,1238
1238,dom,1239
1239,dies,1240
1240,because,1241
1241,forgiven,1242
1242,hahaaa,1243
1243,ğŸ’«,1244
1244,maze,1245
1245,se,1246
1246,held,1247
1247,hehehee,1248
1248,sacrifices,1249
1249,investigations,1250
1250,justin,1251
1251,informed,1252
1252,47,1253
1253,charged,1254
1254,watch,1255
1255,residence,1256
1256,behaves,1257
1257,polici,1258
1258,defunct,1259
1259,haii,1260
1260,nataka,1261
1261,hen,1262
1262,iria,1263
1263,musau,1264
1264,sponsored,1265
1265,acceptable,1266
1266,takes,1267
1267,consumed,1268
1268,kit,1269
1269,translated,1270
1270,outgoing,1271
1271,baffles,1272
1272,people,1273
1273,tegemeo,1274
1274,hater,1275
1275,worry,1276
1276,230,1277
1277,emotions,1278
1278,lists,1279
1279,prof,1280
1280,jobs,1281
1281,stadium,1282
1282,abdullahi,1283
1283,azimiolaumoja,1284
1284,wisely,1285
1285,now,1286
1286,discussing,1287
1287,wipees,1288
1288,mobilising,1289
1289,atwoli,1290
1290,mwigis,1291
1291,kiigen,1292
1292,uhur,1293
1293,hollow,1294
1294,maximum,1295
1295,ancestors,1296
1296,pair,1297
1297,bei,1298
1298,surely,1299
1299,transformation,1300
1300,palatial,1301
1301,alicewahome,1302
1302,spreading,1303
1303,shop,1304
1304,dirhard,1305
1305,gubernatorial,1306
1306,rutonated,1307
1307,bllbrd,1308
1308,mentality,1309
1309,options,1310
1310,owinyo,1311
1311,thin,1312
1312,ğ˜µğ˜°ğ˜°,1313
1313,rely,1314
1314,koskei,1315
1315,consider,1316
1316,ulikuwa,1317
1317,system,1318
1318,criss,1319
1319,sakaja,1320
1320,compete,1321
1321,unstoppable,1322
1322,mourn,1323
1323,small,1324
1324,nonsense,1325
1325,ğŸ‡°,1326
1326,legislator,1327
1327,savula,1328
1328,foo,1329
1329,urp,1330
1330,kweshon,1331
1331,fandom,1332
1332,plann,1333
1333,aspi,1334
1334,painting,1335
1335,youre,1336
1336,sponsors,1337
1337,early,1338
1338,whereby,1339
1339,reasons,1340
1340,wrenching,1341
1341,capable,1342
1342,misusing,1343
1343,punching,1344
1344,halafu,1345
1345,rutos,1346
1346,strong,1347
1347,trip,1348
1348,bulk,1349
1349,bin,1350
1350,what,1351
1351,75,1352
1352,drwilliam,1353
1353,votetallying,1354
1354,black,1355
1355,its,1356
1356,has,1357
1357,appear,1358
1358,600,1359
1359,targets,1360
1360,applying,1361
1361,world,1362
1362,analyst,1363
1363,woma,1364
1364,afford,1365
1365,soln,1366
1366,president,1367
1367,thief,1368
1368,decamps,1369
1369,law,1370
1370,belongs,1371
1371,knowing,1372
1372,hyunsuks,1373
1373,hasnt,1374
1374,rpc,1375
1375,tren,1376
1376,numbe,1377
1377,atleast,1378
1378,mdvd,1379
1379,speeches,1380
1380,aint,1381
1381,deput,1382
1382,offer,1383
1383,kimwarer,1384
1384,audience,1385
1385,mate,1386
1386,gadamn,1387
1387,things,1388
1388,youth,1389
1389,spoken,1390
1390,ğŸ’Œ,1391
1391,rift,1392
1392,units,1393
1393,troops,1394
1394,btn,1395
1395,gets,1396
1396,ati,1397
1397,shut,1398
1398,ev,1399
1399,edit,1400
1400,gap,1401
1401,tears,1402
1402,emotional,1403
1403,seller,1404
1404,fam,1405
1405,evidence,1406
1406,duty,1407
1407,hey,1408
1408,hajeongwoo,1409
1409,pev,1410
1410,borders,1411
1411,succeeding,1412
1412,squeezes,1413
1413,mismanagement,1414
1414,headstart,1415
1415,practical,1416
1416,demanding,1417
1417,90,1418
1418,idp,1419
1419,ğŸ—³,1420
1420,nanyuki,1421
1421,tops,1422
1422,lightening,1423
1423,ghafla,1424
1424,wakati,1425
1425,inanikasirisha,1426
1426,chose,1427
1427,lucks,1428
1428,headed,1429
1429,befall,1430
1430,pena,1431
1431,akina,1432
1432,kenyan,1433
1433,expect,1434
1434,term,1435
1435,kenn,1436
1436,wacha,1437
1437,cut,1438
1438,blunder,1439
1439,havent,1440
1440,yet,1441
1441,chase,1442
1442,stoned,1443
1443,minis,1444
1444,shoulders,1445
1445,spanner,1446
1446,bein,1447
1447,shadow,1448
1448,tysm,1449
1449,fathers,1450
1450,isaac,1451
1451,greet,1452
1452,switch,1453
1453,reggae,1454
1454,opening,1455
1455,ret,1456
1456,riaan,1457
1457,commissionergeneral,1458
1458,video,1459
1459,lot,1460
1460,your,1461
1461,yule,1462
1462,reality,1463
1463,thru,1464
1464,wanainchi,1465
1465,y,1466
1466,around,1467
1467,clickbait,1468
1468,luhya,1469
1469,fled,1470
1470,safe,1471
1471,candid,1472
1472,standing,1473
1473,fit,1474
1474,parti,1475
1475,truck,1476
1476,astro,1477
1477,suffer,1478
1478,seal,1479
1479,embezzlement,1480
1480,making,1481
1481,luos,1482
1482,coward,1483
1483,tosha,1484
1484,playfully,1485
1485,17,1486
1486,illegal,1487
1487,heem,1488
1488,wangeci,1489
1489,youuu,1490
1490,0,1491
1491,th,1492
1492,hyu,1493
1493,country,1494
1494,subtribe,1495
1495,empowering,1496
1496,defeating,1497
1497,and,1498
1498,waning,1499
1499,saviour,1500
1500,vote,1501
1501,taxman,1502
1502,representative,1503
1503,tmilog,1504
1504,agents,1505
1505,chair,1506
1506,believed,1507
1507,taking,1508
1508,ğŸ™Š,1509
1509,ã€Œ,1510
1510,ó ¢,1511
1511,themselves,1512
1512,720,1513
1513,kalonzo,1514
1514,2037,1515
1515,stolen,1516
1516,nashukuru,1517
1517,nini,1518
1518,importan,1519
1519,award,1520
1520,fatal,1521
1521,served,1522
1522,maina,1523
1523,planned,1524
1524,puppies,1525
1525,trump,1526
1526,walks,1527
1527,sijui,1528
1528,denno,1529
1529,allegedly,1530
1530,contested,1531
1531,actuall,1532
1532,supported,1533
1533,unto,1534
1534,hatespeech,1535
1535,past,1536
1536,names,1537
1537,tms,1538
1538,stiltwalker,1539
1539,maize,1540
1540,teuland,1541
1541,10pm,1542
1542,polite,1543
1543,understand,1544
1544,olympic,1545
1545,tufukuze,1546
1546,venye,1547
1547,behave,1548
1548,startup,1549
1549,total,1550
1550,blow,1551
1551,inte,1552
1552,spends,1553
1553,view,1554
1554,standard,1555
1555,unrest,1556
1556,unproductive,1557
1557,demagogues,1558
1558,firsttime,1559
1559,hold,1560
1560,mashi,1561
1561,tmi,1562
1562,nairobi,1563
1563,kitu,1564
1564,both,1565
1565,parkj,1566
1566,fighting,1567
1567,honorable,1568
1568,renee,1569
1569,haramb,1570
1570,rutohandouttours,1571
1571,unable,1572
1572,ğŸŒ„,1573
1573,feel,1574
1574,biee,1575
1575,plf,1576
1576,fukuoka,1577
1577,where,1578
1578,tweets,1579
1579,econ,1580
1580,ó ¿,1581
1581,memoirs,1582
1582,belong,1583
1583,bank,1584
1584,million,1585
1585,kibera,1586
1586,rank,1587
1587,runs,1588
1588,misplaced,1589
1589,book,1590
1590,gavana,1591
1591,mtaisha,1592
1592,knees,1593
1593,nevertheless,1594
1594,momentum,1595
1595,mercenary,1596
1596,gone,1597
1597,lia,1598
1598,therefrom,1599
1599,siaya,1600
1600,lectured,1601
1601,case,1602
1602,choices,1603
1603,never,1604
1604,rutofake,1605
1605,kst,1606
1606,petition,1607
1607,driver,1608
1608,allow,1609
1609,event,1610
1610,nys,1611
1611,odds,1612
1612,omen,1613
1613,thorn,1614
1614,umask,1615
1615,course,1616
1616,82,1617
1617,number,1618
1618,stadiums,1619
1619,ãƒãƒ«ãƒˆ,1620
1620,conclusion,1621
1621,mtu,1622
1622,cam,1623
1623,reopen,1624
1624,sometimes,1625
1625,ğŸ¦­,1626
1626,devt,1627
1627,interlinked,1628
1628,letting,1629
1629,mu,1630
1630,rose0921,1631
1631,woobear,1632
1632,cheque,1633
1633,ğŸš¦,1634
1634,eve,1635
1635,better,1636
1636,keyboard,1637
1637,panorama,1638
1638,following,1639
1639,ó ®,1640
1640,score,1641
1641,pples,1642
1642,bid,1643
1643,bbi,1644
1644,kuria,1645
1645,h,1646
1646,intend,1647
1647,foreign,1648
1648,arror,1649
1649,incited,1650
1650,my,1651
1651,fraud,1652
1652,ğŸ˜¸,1653
1653,while,1654
1654,tumesema,1655
1655,stalking,1656
1656,kimwarrer,1657
1657,thirdparty,1658
1658,every,1659
1659,spitting,1660
1660,reflection,1661
1661,pay,1662
1662,opp,1663
1663,twitter,1664
1664,brothel,1665
1665,stopped,1666
1666,ujinga,1667
1667,mwalimu,1668
1668,luo,1669
1669,slowly,1670
1670,kep1er,1671
1671,weverse,1672
1672,hii,1673
1673,crush,1674
1674,deliver,1675
1675,attitude,1676
1676,goose,1677
1677,uganda,1678
1678,skirt,1679
1679,ğŸ˜,1680
1680,whens,1681
1681,committed,1682
1682,immink,1683
1683,ğŸ”¥,1684
1684,festive,1685
1685,chama,1686
1686,especial,1687
1687,enh,1688
1688,devil,1689
1689,biggest,1690
1690,inviting,1691
1691,avae,1692
1692,relationship,1693
1693,armchair,1694
1694,rode,1695
1695,contest,1696
1696,comments,1697
1697,mps,1698
1698,cabinet,1699
1699,jackom,1700
1700,disaster,1701
1701,same,1702
1702,makasiriko,1703
1703,blog,1704
1704,repost,1705
1705,bc,1706
1706,heels,1707
1707,pomp,1708
1708,give,1709
1709,enmity,1710
1710,loves,1711
1711,constituency,1712
1712,outbid,1713
1713,pitched,1714
1714,dida,1715
1715,quo,1716
1716,split,1717
1717,oriented,1718
1718,omggg,1719
1719,5k,1720
1720,pupils,1721
1721,sacrificing,1722
1722,preaching,1723
1723,wanyonyi,1724
1724,nyeri,1725
1725,polls,1726
1726,webdrama,1727
1727,baby,1728
1728,beeline,1729
1729,brought,1730
1730,tag,1731
1731,agenda,1732
1732,victo,1733
1733,hastily,1734
1734,toothless,1735
1735,ate,1736
1736,suggested,1737
1737,airtime,1738
1738,dynamics,1739
1739,waruguru,1740
1740,michael,1741
1741,prayer,1742
1742,king,1743
1743,strategically,1744
1744,each,1745
1745,udaganya,1746
1746,120minutes,1747
1747,massage,1748
1748,finally,1749
1749,builders,1750
1750,kenyat,1751
1751,preliolity,1752
1752,create,1753
1753,kuimba,1754
1754,announce,1755
1755,music,1756
1756,ramogi,1757
1757,followed,1758
1758,pjw,1759
1759,9r,1760
1760,praising,1761
1761,ladies,1762
1762,governm,1763
1763,issue,1764
1764,mudavadi,1765
1765,incoming,1766
1766,drought,1767
1767,pure,1768
1768,kisii,1769
1769,kila,1770
1770,whenever,1771
1771,sober,1772
1772,odi,1773
1773,bestfriend,1774
1774,draw,1775
1775,teeth,1776
1776,hujue,1777
1777,rebellion,1778
1778,colors,1779
1779,summarises,1780
1780,u,1781
1781,sultan,1782
1782,about,1783
1783,bless,1784
1784,kabogo,1785
1785,moment,1786
1786,medical,1787
1787,pays,1788
1788,queue,1789
1789,demons,1790
1790,very,1791
1791,wolfyour,1792
1792,peopl,1793
1793,cornel,1794
1794,sharing,1795
1795,accounts,1796
1796,thankyou,1797
1797,crying,1798
1798,imy,1799
1799,happening,1800
1800,risks,1801
1801,mi,1802
1802,duck,1803
1803,innocent,1804
1804,church,1805
1805,noth,1806
1806,ğŸ»,1807
1807,ğŸ˜‰,1808
1808,elected,1809
1809,track,1810
1810,dimming,1811
1811,kung,1812
1812,walking,1813
1813,masterpiece,1814
1814,ğŸ’Ÿ,1815
1815,democracy,1816
1816,manyo,1817
1817,creating,1818
1818,funds,1819
1819,assassinate,1820
1820,abusing,1821
1821,reboot,1822
1822,ig,1823
1823,wore,1824
1824,leave,1825
1825,yor,1826
1826,analysis,1827
1827,passenger,1828
1828,failed,1829
1829,booking,1830
1830,kupiga,1831
1831,listen,1832
1832,confess,1833
1833,alike,1834
1834,embongo,1835
1835,ğŸ’•,1836
1836,stands,1837
1837,eit,1838
1838,abandoning,1839
1839,wealthy,1840
1840,youv,1841
1841,contempt,1842
1842,stare,1843
1843,04s,1844
1844,governor,1845
1845,suffered,1846
1846,welcomed,1847
1847,catching,1848
1848,fears,1849
1849,invest,1850
1850,jealous,1851
1851,conducts,1852
1852,alvin,1853
1853,fro,1854
1854,ğŸ,1855
1855,always,1856
1856,kamiti,1857
1857,lion,1858
1858,deposit,1859
1859,ravaging,1860
1860,legislation,1861
1861,level,1862
1862,teacher,1863
1863,whatzup,1864
1864,marille,1865
1865,kno,1866
1866,pls,1867
1867,gavhagua,1868
1868,globally,1869
1869,yellowboo,1870
1870,noise,1871
1871,bloggers,1872
1872,before,1873
1873,shaggys,1874
1874,kura,1875
1875,accept,1876
1876,dawn,1877
1877,pettiness,1878
1878,shiaaa,1879
1879,jatim,1880
1880,cs,1881
1881,wamgonge,1882
1882,presidency,1883
1883,manz,1884
1884,newspaper,1885
1885,usemwe,1886
1886,maasai,1887
1887,armed,1888
1888,comprehensive,1889
1889,salaries,1890
1890,broke,1891
1891,ğŸ‘Œ,1892
1892,stamps,1893
1893,looters,1894
1894,politics,1895
1895,whove,1896
1896,talks,1897
1897,kpop,1898
1898,narc,1899
1899,personification,1900
1900,typed,1901
1901,edward,1902
1902,â€¢,1903
1903,drive,1904
1904,fortuna,1905
1905,teach,1906
1906,mental,1907
1907,blueberry,1908
1908,klnyanjui,1909
1909,nominated,1910
1910,kula,1911
1911,voti,1912
1912,governors,1913
1913,exclusive,1914
1914,tips,1915
1915,undisputed,1916
1916,kihika,1917
1917,lose,1918
1918,atrial,1919
1919,coasterians,1920
1920,inject,1921
1921,ğŸ“¢,1922
1922,backfiring,1923
1923,ward,1924
1924,dominantly,1925
1925,bt,1926
1926,punishing,1927
1927,destroying,1928
1928,missteps,1929
1929,plans,1930
1930,rtd,1931
1931,hint,1932
1932,low,1933
1933,shauri,1934
1934,rightnow,1935
1935,ol,1936
1936,senator,1937
1937,tweet,1938
1938,dressed,1939
1939,empower,1940
1940,debt,1941
1941,value,1942
1942,upclose,1943
1943,bondo,1944
1944,blue,1945
1945,joined,1946
1946,via,1947
1947,theyve,1948
1948,retweet,1949
1949,bana,1950
1950,bigot,1951
1951,mole,1952
1952,kulia,1953
1953,saga,1954
1954,deceiving,1955
1955,selling,1956
1956,jiyan,1957
1957,anyway,1958
1958,lesser,1959
1959,enter,1960
1960,yuuu,1961
1961,advocating,1962
1962,uprooting,1963
1963,milli,1964
1964,1997,1965
1965,whom,1966
1966,soldiers,1967
1967,acqui,1968
1968,42,1969
1969,jumpstart,1970
1970,augustine,1971
1971,ğ˜ªğ˜®,1972
1972,countdown,1973
1973,moneybastards,1974
1974,looser,1975
1975,annointed,1976
1976,empowerment,1977
1977,camped,1978
1978,groups,1979
1979,ferry,1980
1980,asimov,1981
1981,ğŸ˜œ,1982
1982,mukonzo3,1983
1983,carol,1984
1984,iloveu,1985
1985,differentiate,1986
1986,mock,1987
1987,nyaribari,1988
1988,railaodinga,1989
1989,thank,1990
1990,scene,1991
1991,mourning,1992
1992,illicit,1993
1993,cater,1994
1994,moved,1995
1995,mutunga,1996
1996,3500,1997
1997,praying,1998
1998,cracks,1999
1999,ğŸ‡¬,2000
2000,kandara,2001
2001,hoodie,2002
2002,pulled,2003
2003,nyarkisumu,2004
2004,anything,2005
2005,forcing,2006
2006,fifth,2007
2007,rent,2008
2008,incompetent,2009
2009,umeanza,2010
2010,wanyama,2011
2011,explaining,2012
2012,tenga,2013
2013,interested,2014
2014,thrice,2015
2015,jot,2016
2016,tragedy,2017
2017,buddy,2018
2018,commercial,2019
2019,cant,2020
2020,exist,2021
2021,ongwae,2022
2022,sadboy,2023
2023,rt,2024
2024,4africa,2025
2025,suicidal,2026
2026,poised,2027
2027,killed,2028
2028,praises,2029
2029,watching,2030
2030,unanifurahisha,2031
2031,alice,2032
2032,battle,2033
2033,rant,2034
2034,ago,2035
2035,kisumu,2036
2036,poker,2037
2037,joining,2038
2038,fir,2039
2039,absence,2040
2040,bringing,2041
2041,circumstances,2042
2042,tender,2043
2043,david,2044
2044,friends,2045
2045,revealed,2046
2046,discord,2047
2047,dog,2048
2048,snowman,2049
2049,described,2050
2050,preside,2051
2051,muchawi,2052
2052,fala,2053
2053,fragile,2054
2054,skills,2055
2055,guardian,2056
2056,ğŸ‘€,2057
2057,delighted,2058
2058,deep,2059
2059,bread,2060
2060,consultancy,2061
2061,ie,2062
2062,matingi,2063
2063,deviate,2064
2064,omg,2065
2065,corner,2066
2066,believe,2067
2067,kipronoh,2068
2068,hyunsuk,2069
2069,dir,2070
2070,interests,2071
2071,post,2072
2072,beckoning,2073
2073,glowing,2074
2074,sponsoring,2075
2075,notably,2076
2076,versa,2077
2077,brother,2078
2078,products,2079
2079,princess,2080
2080,ğŸ“º,2081
2081,info,2082
2082,beyond,2083
2083,seconds,2084
2084,eddah,2085
2085,exert,2086
2086,somehow,2087
2087,seeing,2088
2088,aseme,2089
2089,figures,2090
2090,candidates,2091
2091,parastatal,2092
2092,succeed,2093
2093,insulting,2094
2094,another,2095
2095,entrusted,2096
2096,kiku,2097
2097,institutionalise,2098
2098,uprooted,2099
2099,crash,2100
2100,second,2101
2101,directly,2102
2102,killings,2103
2103,hood,2104
2104,lobby,2105
2105,ignorance,2106
2106,ğŸ½,2107
2107,kubwa,2108
2108,lipa,2109
2109,s,2110
2110,reign,2111
2111,jst,2112
2112,story,2113
2113,sympathy,2114
2114,bolster,2115
2115,governme,2116
2116,hata,2117
2117,highest,2118
2118,bird,2119
2119,pockets,2120
2120,tegea,2121
2121,vied,2122
2122,hayaa,2123
2123,agricultural,2124
2124,becaus,2125
2125,dry,2126
2126,pill,2127
2127,through,2128
2128,nyakundi,2129
2129,swayed,2130
2130,hahaha,2131
2131,kenyans,2132
2132,wednesday,2133
2133,flash,2134
2134,button,2135
2135,imo,2136
2136,faith,2137
2137,tao,2138
2138,jihoon,2139
2139,scratch,2140
2140,larger,2141
2141,paul,2142
2142,zelda,2143
2143,tarnish,2144
2144,him,2145
2145,ama,2146
2146,allwheel,2147
2147,suddenly,2148
2148,rumour,2149
2149,biography,2150
2150,hantu,2151
2151,valid,2152
2152,program,2153
2153,member,2154
2154,ge,2155
2155,tread,2156
2156,wala,2157
2157,aaa,2158
2158,deduce,2159
2159,makori,2160
2160,huge,2161
2161,panel,2162
2162,unite,2163
2163,laugh,2164
2164,â±,2165
2165,shes,2166
2166,defend,2167
2167,wor,2168
2168,120,2169
2169,hype,2170
2170,ğŸ˜,2171
2171,tos,2172
2172,on,2173
2173,bcs,2174
2174,da,2175
2175,north,2176
2176,regarded,2177
2177,moiben,2178
2178,pictures,2179
2179,st,2180
2180,trac,2181
2181,5th,2182
2182,mark,2183
2183,kasarani,2184
2184,spin,2185
2185,approach,2186
2186,drops,2187
2187,inuofficial,2188
2188,sukhoon,2189
2189,leaders,2190
2190,kra,2191
2191,foe,2192
2192,ily,2193
2193,indicate,2194
2194,apply,2195
2195,pipey,2196
2196,wakifanyia,2197
2197,tent,2198
2198,averted,2199
2199,mt,2200
2200,hunt,2201
2201,1980s,2202
2202,desperate,2203
2203,must,2204
2204,administration,2205
2205,tikok,2206
2206,hatupangangwi,2207
2207,partys,2208
2208,many,2209
2209,o,2210
2210,overwhelmingly,2211
2211,inspiring,2212
2212,boboan,2213
2213,river,2214
2214,scarier,2215
2215,moments,2216
2216,awinner,2217
2217,currently,2218
2218,thoughtful,2219
2219,yg,2220
2220,might,2221
2221,ne,2222
2222,akirudi,2223
2223,wish,2224
2224,im,2225
2225,kanze,2226
2226,whole,2227
2227,kanindo,2228
2228,favkzl,2229
2229,calling,2230
2230,doctor,2231
2231,tackle,2232
2232,animal,2233
2233,ndindi,2234
2234,row,2235
2235,wanted,2236
2236,seeks,2237
2237,qualifies,2238
2238,plus,2239
2239,folder,2240
2240,contact,2241
2241,scenario,2242
2242,mobili,2243
2243,survive,2244
2244,back,2245
2245,mounain,2246
2246,rule,2247
2247,traveling,2248
2248,resourc,2249
2249,pole,2250
2250,rutoask,2251
2251,books,2252
2252,battery,2253
2253,chosen,2254
2254,ğŸ˜…,2255
2255,plan,2256
2256,tan,2257
2257,ballot,2258
2258,murder,2259
2259,donkey,2260
2260,constituted,2261
2261,proof,2262
2262,reelection,2263
2263,nderitu,2264
2264,views,2265
2265,cograt,2266
2266,instructed,2267
2267,manuscripts,2268
2268,women,2269
2269,jaehyuk,2270
2270,able,2271
2271,fruits,2272
2272,2day,2273
2273,hatuongei,2274
2274,55yrs,2275
2275,autobiography,2276
2276,line,2277
2277,il,2278
2278,heavens,2279
2279,ğŸ˜†,2280
2280,pr,2281
2281,built,2282
2282,530pm,2283
2283,68,2284
2284,dignity,2285
2285,â¡,2286
2286,uone,2287
2287,inhumane,2288
2288,metal,2289
2289,t,2290
2290,brian,2291
2291,youths,2292
2292,say,2293
2293,funerals,2294
2294,hope,2295
2295,3,2296
2296,complex,2297
2297,opinions,2298
2298,numbers,2299
2299,givi,2300
2300,grabbers,2301
2301,bitter,2302
2302,ğŸ˜¶,2303
2303,williamruto,2304
2304,derogatory,2305
2305,2021120,2306
2306,body,2307
2307,hes,2308
2308,ukora,2309
2309,buying,2310
2310,ğ—¯ğ—®ğ—¯ğ˜†,2311
2311,tall,2312
2312,2013,2313
2313,4years,2314
2314,suspicious,2315
2315,1k,2316
2316,81,2317
2317,two,2318
2318,2m,2319
2319,gikunda,2320
2320,opposition,2321
2321,plunged,2322
2322,senile,2323
2323,occasionally,2324
2324,cries,2325
2325,cronies,2326
2326,realized,2327
2327,20222027,2328
2328,yaguta,2329
2329,dev,2330
2330,ğŸ°,2331
2331,frustrat,2332
2332,unpopular,2333
2333,tialala,2334
2334,unafra,2335
2335,shelve,2336
2336,wi,2337
2337,inferiority,2338
2338,1959he,2339
2339,hair,2340
2340,effort,2341
2341,intolerant,2342
2342,wa,2343
2343,8th,2344
2344,â€¼,2345
2345,anyonepeople,2346
2346,council,2347
2347,livestock,2348
2348,â˜º,2349
2349,decisions,2350
2350,wanna,2351
2351,kiai,2352
2352,optimum,2353
2353,bed,2354
2354,stable,2355
2355,almost,2356
2356,started,2357
2357,fill,2358
2358,dares,2359
2359,wacheni,2360
2360,gl,2361
2361,âƒ£,2362
2362,youu,2363
2363,firm,2364
2364,statehouse,2365
2365,families,2366
2366,alicewa,2367
2367,bestiee,2368
2368,makes,2369
2369,wrong,2370
2370,6th,2371
2371,flat,2372
2372,narrating,2373
2373,hhmmm,2374
2374,pick,2375
2375,future,2376
2376,kenneth,2377
2377,hustlers,2378
2378,refuse,2379
2379,onelove,2380
2380,lead,2381
2381,pil,2382
2382,mutua,2383
2383,share,2384
2384,yapp,2385
2385,righ,2386
2386,yang,2387
2387,crossing,2388
2388,pictureee,2389
2389,â€™,2390
2390,lee,2391
2391,serving,2392
2392,watched,2393
2393,9342,2394
2394,seas,2395
2395,human,2396
2396,approoted,2397
2397,jeongin,2398
2398,yrs,2399
2399,unlimited,2400
2400,utter,2401
2401,sons,2402
2402,hurubaropercapita,2403
2403,kangoco,2404
2404,ğŸ˜,2405
2405,spoke,2406
2406,enziu,2407
2407,retire,2408
2408,naye,2409
2409,stick,2410
2410,senior,2411
2411,ni,2412
2412,chickens,2413
2413,gen,2414
2414,removing,2415
2415,aman,2416
2416,family,2417
2417,stima,2418
2418,forward,2419
2419,retain,2420
2420,fued,2421
2421,lik,2422
2422,ua,2423
2423,hill,2424
2424,arrest,2425
2425,busy,2426
2426,beans,2427
2427,home,2428
2428,survivor,2429
2429,loh,2430
2430,from,2431
2431,secretl,2432
2432,mentioning,2433
2433,station,2434
2434,anza,2435
2435,speakinghope,2436
2436,incite,2437
2437,alirudisha,2438
2438,campaign,2439
2439,seventeen,2440
2440,attending,2441
2441,understands,2442
2442,kiambu,2443
2443,general,2444
2444,learn,2445
2445,enhypen,2446
2446,function,2447
2447,ive,2448
2448,openly,2449
2449,mid,2450
2450,casualty,2451
2451,yake,2452
2452,refused,2453
2453,buck,2454
2454,category,2455
2455,definetly,2456
2456,donates,2457
2457,castro,2458
2458,blast,2459
2459,yetu,2460
2460,muganga,2461
2461,unveiling,2462
2462,mombasa,2463
2463,onyango,2464
2464,need,2465
2465,come,2466
2466,flooding,2467
2467,kana,2468
2468,sugar,2469
2469,eggs,2470
2470,acquired,2471
2471,childre,2472
2472,like,2473
2473,vindicated,2474
2474,wash,2475
2475,kungoa,2476
2476,kbs,2477
2477,forgot,2478
2478,carry,2479
2479,450,2480
2480,do,2481
2481,smile,2482
2482,dynasties,2483
2483,22,2484
2484,alivunja,2485
2485,favourite,2486
2486,asked,2487
2487,votin,2488
2488,clinching,2489
2489,drama,2490
2490,dude,2491
2491,jokes,2492
2492,ascending,2493
2493,wanjigi,2494
2494,grins,2495
2495,reall,2496
2496,makasirikohon,2497
2497,budget,2498
2498,weighs,2499
2499,addition,2500
2500,maj,2501
2501,jub,2502
2502,hashtag,2503
2503,movement,2504
2504,record,2505
2505,e10,2506
2506,blurred,2507
2507,phone,2508
2508,feather,2509
2509,treasure,2510
2510,254,2511
2511,hall,2512
2512,brutal,2513
2513,mnaona,2514
2514,ë‚¨ê³ ê´´ë‹´,2515
2515,baba,2516
2516,promised,2517
2517,expound,2518
2518,chemistry,2519
2519,klller,2520
2520,âœ¦,2521
2521,beef,2522
2522,leaves,2523
2523,protecting,2524
2524,spread,2525
2525,front,2526
2526,professor,2527
2527,we,2528
2528,son,2529
2529,bad,2530
2530,nasir,2531
2531,jbmuturi,2532
2532,1205,2533
2533,maximize,2534
2534,minecraft,2535
2535,mother,2536
2536,clean,2537
2537,release,2538
2538,followan,2539
2539,resigned,2540
2540,saved,2541
2541,sweet,2542
2542,800,2543
2543,sojunghwan,2544
2544,prices,2545
2545,crane,2546
2546,winner,2547
2547,selfishly,2548
2548,disasters,2549
2549,contender,2550
2550,joho,2551
2551,kiunjuri,2552
2552,gach,2553
2553,children,2554
2554,distinguishing,2555
2555,towards,2556
2556,siamini,2557
2557,ğŸ’—,2558
2558,roof,2559
2559,choses,2560
2560,ke,2561
2561,afungue,2562
2562,uhuru,2563
2563,relax,2564
2564,participation,2565
2565,lol,2566
2566,stopping,2567
2567,calamity,2568
2568,order,2569
2569,voted,2570
2570,pre,2571
2571,yuko,2572
2572,unfortunately,2573
2573,notice,2574
2574,gmn,2575
2575,unaeza,2576
2576,mango,2577
2577,dask,2578
2578,typical,2579
2579,la,2580
2580,bile,2581
2581,collapse,2582
2582,wamama,2583
2583,4dp,2584
2584,smiling,2585
2585,dumb,2586
2586,wheelbarrow,2587
2587,babas,2588
2588,wagotee,2589
2589,optical,2590
2590,intends,2591
2591,ah,2592
2592,disrupted,2593
2593,â€˜,2594
2594,fol,2595
2595,hitlers,2596
2596,handsome,2597
2597,damsa,2598
2598,en,2599
2599,rutowahome,2600
2600,jimmy,2601
2601,rutokenya,2602
2602,ht,2603
2603,yatta,2604
2604,deceased,2605
2605,accused,2606
2606,fibrillation,2607
2607,behind,2608
2608,circula,2609
2609,dp,2610
2610,proposed,2611
2611,vari,2612
2612,hakutaka,2613
2613,myself,2614
2614,calming,2615
2615,issa,2616
2616,thieves,2617
2617,hiding,2618
2618,chances,2619
2619,remember,2620
2620,playful,2621
2621,gaining,2622
2622,treasures,2623
2623,taps,2624
2624,call,2625
2625,happiest,2626
2626,long,2627
2627,hearts,2628
2628,500k,2629
2629,profiling,2630
2630,against,2631
2631,christians,2632
2632,convince,2633
2633,revolution,2634
2634,rutoinnyeri,2635
2635,ep,2636
2636,endorsement,2637
2637,wake,2638
2638,most,2639
2639,difficult,2640
2640,widely,2641
2641,jet,2642
2642,taeyeon,2643
2643,projects,2644
2644,that,2645
2645,style,2646
2646,nguzo,2647
2647,regard,2648
2648,indeed,2649
2649,dont,2650
2650,oluero,2651
2651,ru,2652
2652,worse,2653
2653,masses,2654
2654,garr,2655
2655,speak,2656
2656,pwahahaha,2657
2657,marua,2658
2658,ass,2659
2659,code,2660
2660,03,2661
2661,uansin,2662
2662,you,2663
2663,tv47news,2664
2664,bryan,2665
2665,hungrily,2666
2666,association,2667
2667,lithium,2668
2668,interpretation,2669
2669,titration,2670
2670,cash,2671
2671,remembered,2672
2672,n,2673
2673,ğŸ˜µ,2674
2674,kibra,2675
2675,politicianhe,2676
2676,electe,2677
2677,rail,2678
2678,institution,2679
2679,pc,2680
2680,dirty,2681
2681,secondary,2682
2682,ousted,2683
2683,500000,2684
2684,interesting,2685
2685,mr,2686
2686,wezi,2687
2687,ken,2688
2688,witness,2689
2689,colour,2690
2690,ğŸ˜¹,2691
2691,oding,2692
2692,od,2693
2693,righteous,2694
2694,txt,2695
2695,greeting,2696
2696,see,2697
2697,1100,2698
2698,rogue,2699
2699,ann,2700
2700,massacre,2701
2701,yellow,2702
2702,nation,2703
2703,ï½¥,2704
2704,truefidel,2705
2705,handling,2706
2706,parro,2707
2707,unamatched,2708
2708,defeat,2709
2709,playing,2710
2710,dam,2711
2711,fo,2712
2712,combined,2713
2713,fanbases,2714
2714,slow,2715
2715,sil,2716
2716,condition,2717
2717,heading,2718
2718,requests,2719
2719,lady,2720
2720,countrywide,2721
2721,uhuruyet,2722
2722,take,2723
2723,paper,2724
2724,corrupt,2725
2725,accompanying,2726
2726,know,2727
2727,whats,2728
2728,riftvalley,2729
2729,observation,2730
2730,likely,2731
2731,abuses,2732
2732,unlike,2733
2733,fellow,2734
2734,implicated,2735
2735,mirror,2736
2736,leads,2737
2737,unajidanganya,2738
2738,character,2739
2739,personally,2740
2740,rhetorics,2741
2741,ajaribu,2742
2742,pandoro,2743
2743,kidding,2744
2744,sailing,2745
2745,development,2746
2746,trending,2747
2747,felt,2748
2748,type,2749
2749,hwaiting,2750
2750,youtube,2751
2751,greed,2752
2752,muslims,2753
2753,hustling,2754
2754,public,2755
2755,keep,2756
2756,pull,2757
2757,viral,2758
2758,ku,2759
2759,police,2760
2760,high,2761
2761,steals,2762
2762,big,2763
2763,frustrations,2764
2764,nolonger,2765
2765,knw,2766
2766,prevent,2767
2767,deserving,2768
2768,mission,2769
2769,mamavote,2770
2770,wazimu,2771
2771,petty,2772
2772,70,2773
2773,11,2774
2774,question,2775
2775,new,2776
2776,gonna,2777
2777,depu,2778
2778,ğŸ˜”,2779
2779,odinga,2780
2780,boys,2781
2781,of,2782
2782,spouse,2783
2783,stream,2784
2784,yr,2785
2785,obvious,2786
2786,play,2787
2787,emergency,2788
2788,tolerated,2789
2789,purports,2790
2790,tibim,2791
2791,secretary,2792
2792,establish,2793
2793,stories,2794
2794,behaving,2795
2795,ğŸ˜„,2796
2796,assumed,2797
2797,cartoon,2798
2798,unity,2799
2799,kamwana,2800
2800,called,2801
2801,sad,2802
2802,rooted,2803
2803,proud,2804
2804,hus,2805
2805,crowd,2806
2806,hmda,2807
2807,unvacinated,2808
2808,lawyer,2809
2809,polit,2810
2810,stupidest,2811
2811,nderuti,2812
2812,range,2813
2813,populist,2814
2814,sawa,2815
2815,mentors,2816
2816,chicken,2817
2817,juice,2818
2818,harutos,2819
2819,pchirchir,2820
2820,disagree,2821
2821,smokers,2822
2822,ap,2823
2823,6,2824
2824,corruption,2825
2825,mwenyewe,2826
2826,acti,2827
2827,bundle,2828
2828,medtwitter,2829
2829,copying,2830
2830,truth,2831
2831,dagoretti,2832
2832,wave,2833
2833,suit,2834
2834,shoul,2835
2835,ichungwa,2836
2836,bet,2837
2837,spent,2838
2838,political,2839
2839,62,2840
2840,vo,2841
2841,billion,2842
2842,precious,2843
2843,debacle,2844
2844,yangon,2845
2845,clap,2846
2846,reminder,2847
2847,haru,2848
2848,btw,2849
2849,ğŸ˜Š,2850
2850,confront,2851
2851,girl,2852
2852,press,2853
2853,well,2854
2854,yettobereleased,2855
2855,muturi,2856
2856,umekuwa,2857
2857,wanafunzwa,2858
2858,place,2859
2859,grounds,2860
2860,were,2861
2861,ended,2862
2862,41,2863
2863,straw,2864
2864,capture,2865
2865,assembly,2866
2866,jean,2867
2867,elder,2868
2868,wasnt,2869
2869,300,2870
2870,ignored,2871
2871,ideology,2872
2872,doi,2873
2873,rename,2874
2874,000,2875
2875,singapore,2876
2876,weeks,2877
2877,paying,2878
2878,so,2879
2879,leadership,2880
2880,dogs,2881
2881,unaware,2882
2882,improving,2883
2883,ch,2884
2884,advice,2885
2885,mention,2886
2886,terrible,2887
2887,ë„ì˜ì´ë²ŒìŠ¤ë°ì´í–…ì‚í–…ì‚ë¡œí†µí†µ,2888
2888,wsr,2889
2889,cozy,2890
2890,jumwa,2891
2891,yo,2892
2892,camel,2893
2893,173kes,2894
2894,sweep,2895
2895,blazer,2896
2896,bac,2897
2897,goons,2898
2898,happy,2899
2899,iz,2900
2900,won,2901
2901,with,2902
2902,moni,2903
2903,dump,2904
2904,changes,2905
2905,wenye,2906
2906,blind,2907
2907,progressive,2908
2908,wahome,2909
2909,free,2910
2910,successfully,2911
2911,prevoting,2912
2912,1million,2913
2913,holds,2914
2914,â€,2915
2915,inherited,2916
2916,loved,2917
2917,hajuiii,2918
2918,numerous,2919
2919,mini,2920
2920,shillings,2921
2921,light,2922
2922,holiday,2923
2923,inspecting,2924
2924,gossiping,2925
2925,suppo,2926
2926,condemned,2927
2927,supporter,2928
2928,threats,2929
2929,had,2930
2930,yourself,2931
2931,zero,2932
2932,ğŸ˜‡,2933
2933,tel,2934
2934,grow,2935
2935,garangan,2936
2936,entice,2937
2937,dormitories,2938
2938,combination,2939
2939,legalize,2940
2940,advantage,2941
2941,kenyanspoll,2942
2942,60,2943
2943,propaganda,2944
2944,aligned,2945
2945,reducing,2946
2946,have,2947
2947,lozano,2948
2948,needs,2949
2949,subscribed,2950
2950,tells,2951
2951,unless,2952
2952,murderers,2953
2953,bure,2954
2954,enjoy,2955
2955,â€œ,2956
2956,nyeriwilliam,2957
2957,wel,2958
2958,jkt,2959
2959,being,2960
2960,15ah,2961
2961,cuz,2962
2962,48,2963
2963,tension,2964
2964,fear,2965
2965,wil,2966
2966,picture,2967
2967,appointee,2968
2968,encourage,2969
2969,dutajaladri,2970
2970,b4,2971
2971,part,2972
2972,aka,2973
2973,experienced,2974
2974,enough,2975
2975,pres,2976
2976,mkokoteni,2977
2977,whore,2978
2978,henceforth,2979
2979,hints,2980
2980,bribe,2981
2981,claims,2982
2982,triplets,2983
2983,seven,2984
2984,compact,2985
2985,orias,2986
2986,parrot,2987
2987,man,2988
2988,karen,2989
2989,hajakublock,2990
2990,shamelessly,2991
2991,ran,2992
2992,clever,2993
2993,english,2994
2994,ğŸ¤­,2995
2995,kempi,2996
2996,rasta,2997
2997,ğŸ’€,2998
2998,next,2999
2999,allegiance,3000
3000,mwala,3001
3001,nn,3002
3002,hour,3003
3003,payroll,3004
3004,saw,3005
3005,playstore,3006
3006,trash,3007
3007,dancers,3008
3008,ridiculous,3009
3009,muscle,3010
3010,generalise,3011
3011,recently,3012
3012,wheelbarrows,3013
3013,brilliant,3014
3014,brothers,3015
3015,citizenship,3016
3016,com,3017
3017,madness,3018
3018,amollo,3019
3019,babeee,3020
3020,oska,3021
3021,kuna,3022
3022,chetu,3023
3023,ğŸ’¯,3024
3024,honesty,3025
3025,anyone,3026
3026,result,3027
3027,01,3028
3028,didbjd,3029
3029,memo,3030
3030,vile,3031
3031,rutogachagua,3032
3032,ra,3033
3033,retweets,3034
3034,easy,3035
3035,gifts,3036
3036,talents,3037
3037,flesh,3038
3038,forever,3039
3039,thousands,3040
3040,tellin,3041
3041,sleepless,3042
3042,capitalising,3043
3043,done,3044
3044,blonde,3045
3045,trusted,3046
3046,regime,3047
3047,kubeba,3048
3048,deal,3049
3049,houses,3050
3050,version,3051
3051,dubaizzz,3052
3052,commen,3053
3053,scientist,3054
3054,importing,3055
3055,angle,3056
3056,princedoyoungday,3057
3057,sasa,3058
3058,behin,3059
3059,tomorrow,3060
3060,wheels,3061
3061,animosity,3062
3062,hatupangw,3063
3063,secured,3064
3064,explain,3065
3065,idle,3066
3066,replace,3067
3067,fanatics,3068
3068,powers,3069
3069,upon,3070
3070,statements,3071
3071,ğŸ¬,3072
3072,similar,3073
3073,tg,3074
3074,aror,3075
3075,west,3076
3076,everytime,3077
3077,remai,3078
3078,concerned,3079
3079,sees,3080
3080,riders,3081
3081,railaruto,3082
3082,february,3083
3083,electedruto,3084
3084,cell,3085
3085,ìµœí˜„ì„,3086
3086,choppers,3087
3087,wonderful,3088
3088,pichakali,3089
3089,dining,3090
3090,scorecard,3091
3091,sanitised,3092
3092,appetite,3093
3093,hear,3094
3094,out,3095
3095,trends,3096
3096,region,3097
3097,doyoungtreasure,3098
3098,countless,3099
3099,tax,3100
3100,citizens,3101
3101,j,3102
3102,above,3103
3103,tool,3104
3104,nccpb,3105
3105,blessed,3106
3106,ndio,3107
3107,dynasty,3108
3108,witch,3109
3109,fold,3110
3110,lovesss,3111
3111,pathological,3112
3112,organizing,3113
3113,predicting,3114
3114,kanyagia,3115
3115,art,3116
3116,ğŸ“Œ,3117
3117,nziu,3118
3118,chased,3119
3119,relaxation,3120
3120,ks,3121
3121,haki,3122
3122,fogged,3123
3123,god,3124
3124,helping,3125
3125,psycophant,3126
3126,oh,3127
3127,pic,3128
3128,kikuyu,3129
3129,rains,3130
3130,acorrupt,3131
3131,gutter,3132
3132,aspirations,3133
3133,ï½¡,3134
3134,biases,3135
3135,kirinyaga,3136
3136,throats,3137
3137,jubilees,3138
3138,donors,3139
3139,frontline,3140
3140,acceptance,3141
3141,211205,3142
3142,horses,3143
3143,4d,3144
3144,compensated,3145
3145,burned,3146
3146,wiliam,3147
3147,screaming,3148
3148,thee,3149
3149,ğŸ¯,3150
3150,correction,3151
3151,mau,3152
3152,juta,3153
3153,quality,3154
3154,reveal,3155
3155,artie,3156
3156,huamini,3157
3157,casting,3158
3158,2032,3159
3159,community,3160
3160,synonymous,3161
3161,magoha,3162
3162,salary,3163
3163,gives,3164
3164,parents,3165
3165,cultural,3166
3166,stress,3167
3167,idol,3168
3168,slogans,3169
3169,goodies,3170
3170,property,3171
3171,prikisuk,3172
3172,commission,3173
3173,green,3174
3174,crowds,3175
3175,puzzle,3176
3176,cho,3177
3177,comfortable,3178
3178,failure,3179
3179,insurance,3180
3180,exhausted,3181
3181,hidden,3182
3182,hatakupa,3183
3183,woken,3184
3184,xmas,3185
3185,obviously,3186
3186,bigotry,3187
3187,offers,3188
3188,details,3189
3189,shenzi,3190
3190,fights,3191
3191,waigurunawera,3192
3192,impressed,3193
3193,suprisingly,3194
3194,lulli,3195
3195,ğŸ‰,3196
3196,ea,3197
3197,preparing,3198
3198,yaaa,3199
3199,lets,3200
3200,dealt,3201
3201,squarely,3202
3202,avoid,3203
3203,kilifi,3204
3204,behaviour,3205
3205,politici,3206
3206,bans,3207
3207,succeeded,3208
3208,amaniuchu,3209
3209,needless,3210
3210,strategy,3211
3211,daydreaming,3212
3212,bday,3213
3213,manage,3214
3214,haihitaji,3215
3215,why,3216
3216,css,3217
3217,matako,3218
3218,messiah,3219
3219,decided,3220
3220,financial,3221
3221,juveni,3222
3222,sector,3223
3223,ğŸŒ‹,3224
3224,mistake,3225
3225,stru,3226
3226,04,3227
3227,powered,3228
3228,manifest,3229
3229,forgotten,3230
3230,anywhere,3231
3231,lord,3232
3232,ngilu,3233
3233,rival,3234
3234,till,3235
3235,reflected,3236
3236,board,3237
3237,deputy,3238
3238,finish,3239
3239,sentimental,3240
3240,dec,3241
3241,higher,3242
3242,unleashed,3243
3243,identified,3244
3244,norminal,3245
3245,opponents,3246
3246,judge,3247
3247,210000,3248
3248,curtain,3249
3249,sitati,3250
3250,sketches,3251
3251,kihiga,3252
3252,ğŸ“¸,3253
3253,courageous,3254
3254,kid,3255
3255,talk,3256
3256,btwn,3257
3257,musevenis,3258
3258,expecting,3259
3259,ele,3260
3260,accolades,3261
3261,dunia,3262
3262,kalo,3263
3263,bleached,3264
3264,woke,3265
3265,miss,3266
3266,kenyattas,3267
3267,affair,3268
3268,attacks,3269
3269,admire,3270
3270,kukula,3271
3271,plenty,3272
3272,kitendawili,3273
3273,entire,3274
3274,absolutely,3275
3275,spirit,3276
3276,â™€,3277
3277,wholl,3278
3278,omera,3279
3279,pokos,3280
3280,bitterness,3281
3281,plucked,3282
3282,polo,3283
3283,existing,3284
3284,2007,3285
3285,greets,3286
3286,30,3287
3287,delivered,3288
3288,2800,3289
3289,jaehyuks,3290
3290,obligated,3291
3291,rachel,3292
3292,lobb,3293
3293,useme,3294
3294,degre,3295
3295,munya,3296
3296,shouldnt,3297
3297,le,3298
3298,a,3299
3299,usedthe,3300
3300,attract,3301
3301,bedroom,3302
3302,mentioned,3303
3303,humility,3304
3304,bila,3305
3305,due,3306
3306,importance,3307
3307,touching,3308
3308,struggling,3309
3309,rigathis,3310
3310,jm,3311
3311,regist,3312
3312,mpesa,3313
3313,â™¡,3314
3314,stupidity,3315
3315,para,3316
3316,ceased,3317
3317,ruto,3318
3318,company,3319
3319,perfect,3320
3320,feeling,3321
3321,decent,3322
3322,sincere,3323
3323,msando,3324
3324,bombshell,3325
3325,provides,3326
3326,shining,3327
3327,launder,3328
3328,ph,3329
3329,sustainable,3330
3330,solution,3331
3331,friend,3332
3332,rie,3333
3333,fandoms,3334
3334,allowance,3335
3335,later,3336
3336,39,3337
3337,wary,3338
3338,ksh,3339
3339,bf,3340
3340,perc,3341
3341,warthog,3342
3342,africa,3343
3343,fair,3344
3344,confirms,3345
3345,buyer,3346
3346,minimal,3347
3347,live,3348
3348,wizi,3349
3349,attracted,3350
3350,unfortunate,3351
3351,tu,3352
3352,lines,3353
3353,desperation,3354
3354,ether,3355
3355,hawezipata,3356
3356,compare,3357
3357,180,3358
3358,team,3359
3359,tags,3360
3360,me,3361
3361,addr,3362
3362,hello,3363
3363,weeping,3364
3364,unstoppablegod,3365
3365,down,3366
3366,some,3367
3367,kipchirchir,3368
3368,iphone,3369
3369,thats,3370
3370,matatu,3371
3371,evil,3372
3372,avoided,3373
3373,ministers,3374
3374,kibakis,3375
3375,max,3376
3376,obscene,3377
3377,juvenile,3378
3378,ã‚¢ã‚µãƒ’,3379
3379,bambi,3380
3380,highlights,3381
3381,risking,3382
3382,came,3383
3383,infrastructure,3384
3384,coming,3385
3385,numbered,3386
3386,plague,3387
3387,moi,3388
3388,incidence,3389
3389,celebrate,3390
3390,upholstery,3391
3391,the,3392
3392,miraculously,3393
3393,care,3394
3394,blowing,3395
3395,stayed,3396
3396,4757,3397
3397,sketch,3398
3398,kenyas,3399
3399,spills,3400
3400,hatupangwingwi,3401
3401,imaginable,3402
3402,roomates,3403
3403,agent,3404
3404,repair,3405
3405,observes,3406
3406,somwone,3407
3407,elusive,3408
3408,handshake,3409
3409,mjinga,3410
3410,ash,3411
3411,vyieng,3412
3412,thanks,3413
3413,poin,3414
3414,votes,3415
3415,inception,3416
3416,ho,3417
3417,cost,3418
3418,oparanya,3419
3419,brand,3420
3420,changed,3421
3421,ğŸš®,3422
3422,unveils,3423
3423,itumbi,3424
3424,sails,3425
3425,season,3426
3426,hurts,3427
3427,wd,3428
3428,lives,3429
3429,end,3430
3430,ile,3431
3431,atwoolis,3432
3432,network,3433
3433,slim,3434
3434,kumi,3435
3435,freedom,3436
3436,tv,3437
3437,unataka,3438
3438,gift,3439
3439,winning,3440
3440,drop,3441
3441,baying,3442
3442,john,3443
3443,far,3444
3444,ğŸ˜‚,3445
3445,thanked,3446
3446,curia,3447
3447,hotter,3448
3448,sociological,3449
3449,only,3450
3450,johnny,3451
3451,kiatuni,3452
3452,look,3453
3453,worrying,3454
3454,backthey,3455
3455,chiwa,3456
3456,chur,3457
3457,probox,3458
3458,meaning,3459
3459,tumia,3460
3460,insider,3461
3461,price,3462
3462,excellency,3463
3463,07244576,3464
3464,grew,3465
3465,clear,3466
3466,abandon,3467
3467,owns,3468
3468,koitalel,3469
3469,kiba,3470
3470,ğŸ–,3471
3471,kega,3472
3472,inside,3473
3473,outdo,3474
3474,choihyunsuk,3475
3475,tmask,3476
3476,vice,3477
3477,instead,3478
3478,relate,3479
3479,2021mama,3480
3480,questions,3481
3481,unga,3482
3482,bogirango,3483
3483,aisha,3484
3484,usitaje,3485
3485,arranging,3486
3486,ğŸ‘‰,3487
3487,unshakeable,3488
3488,standtomorrow,3489
3489,era,3490
3490,kleptomaniac,3491
3491,nightsecret,3492
3492,park,3493
3493,except,3494
3494,kiuk,3495
3495,jjj,3496
3496,okay,3497
3497,waters,3498
3498,kanairo,3499
3499,tinga,3500
3500,kales,3501
3501,ranksthey,3502
3502,ny,3503
3503,workers,3504
3504,impatient,3505
3505,defect,3506
3506,1400,3507
3507,maranda,3508
3508,ally,3509
3509,assured,3510
3510,red,3511
3511,matter,3512
3512,muias,3513
3513,fund,3514
3514,matiba,3515
3515,piec,3516
3516,hell,3517
3517,christ,3518
3518,integrity,3519
3519,smh,3520
3520,deputing,3521
3521,depend,3522
3522,affect,3523
3523,ë¸”ë£¨ì•„ì¹´ì´ë¸Œ,3524
3524,serm,3525
3525,steal,3526
3526,meru,3527
3527,inclusion,3528
3528,ukona,3529
3529,denial,3530
3530,uproot,3531
3531,divide,3532
3532,captur,3533
3533,ğŸ’,3534
3534,gcash,3535
3535,programed,3536
3536,embarrass,3537
3537,coastal,3538
3538,papers,3539
3539,supposed,3540
3540,looking,3541
3541,will,3542
3542,headline,3543
3543,signed,3544
3544,antagonistic,3545
3545,poll,3546
3546,tribalism,3547
3547,continue,3548
3548,membership,3549
3549,prin,3550
3550,leftwing,3551
3551,support,3552
3552,objectively,3553
3553,ag,3554
3554,optics,3555
3555,vs,3556
3556,road,3557
3557,ending,3558
3558,barring,3559
3559,own,3560
3560,bangyedam,3561
3561,full,3562
3562,ourselves,3563
3563,allies,3564
3564,up,3565
3565,heard,3566
3566,donations,3567
3567,mastered,3568
3568,lesson,3569
3569,obsessed,3570
3570,doubt,3571
3571,anne,3572
3572,constitution,3573
3573,swallow,3574
3574,how,3575
3575,â¤,3576
3576,credi,3577
3577,searched,3578
3578,msalitimtkenya,3579
3579,kimani,3580
3580,kicks,3581
3581,survey,3582
3582,isnt,3583
3583,too,3584
3584,itinerary,3585
3585,work,3586
3586,poor,3587
3587,shifted,3588
3588,stole,3589
3589,sounds,3590
3590,accident,3591
3591,student,3592
3592,master,3593
3593,want,3594
3594,angry,3595
3595,christmas,3596
3596,drawing,3597
3597,uchumi,3598
3598,complaining,3599
3599,jackets,3600
3600,zote,3601
3601,expelling,3602
3602,mshosho,3603
3603,âœª,3604
3604,g,3605
3605,pokot,3606
3606,ayub,3607
3607,reading,3608
3608,cooked,3609
3609,prick,3610
3610,influential,3611
3611,visit,3612
3612,disk,3613
3613,real,3614
3614,brings,3615
3615,little,3616
3616,promote,3617
3617,2018,3618
3618,deaths,3619
3619,parking,3620
3620,ninja,3621
3621,ì§€í›ˆ,3622
3622,35,3623
3623,ğŸ¿,3624
3624,who,3625
3625,pi,3626
3626,joy,3627
3627,mna,3628
3628,con,3629
3629,hire,3630
3630,2022what,3631
3631,runn,3632
3632,read,3633
3633,informative,3634
3634,handed,3635
3635,ghosts,3636
3636,media,3637
3637,false,3638
3638,tuned,3639
3639,kiochirchir,3640
3640,inbuilt,3641
3641,gree,3642
3642,swept,3643
3643,theatrics,3644
3644,increases,3645
3645,alread,3646
3646,mboga,3647
3647,courts,3648
3648,implement,3649
3649,active,3650
3650,marvel,3651
3651,karatinab,3652
3652,kahawa,3653
3653,wuuuoot,3654
3654,honour,3655
3655,hoodwinking,3656
3656,clinch,3657
3657,woes,3658
3658,meet,3659
3659,vibaya,3660
3660,taja,3661
3661,wtf,3662
3662,compared,3663
3663,follows,3664
3664,stay,3665
3665,disguised,3666
3666,alot,3667
3667,parties,3668
3668,jina,3669
3669,chart,3670
3670,heads,3671
3671,condolences,3672
3672,burning,3673
3673,disbanded,3674
3674,dilute,3675
3675,ãƒ–ãƒ«ã‚¢ã‚«,3676
3676,sundays,3677
3677,birthdayyy,3678
3678,840pm,3679
3679,overturn,3680
3680,for,3681
3681,checkmate,3682
3682,lashed,3683
3683,yes,3684
3684,teume,3685
3685,stately,3686
3686,looted,3687
3687,kahiga,3688
3688,doesn,3689
3689,udaku,3690
3690,redoing,3691
3691,acres,3692
3692,capital,3693
3693,masters,3694
3694,supremacy,3695
3695,bcoz,3696
3696,nominees,3697
3697,murkomeno,3698
3698,irrefutable,3699
3699,career,3700
3700,â€,3701
3701,mukami,3702
3702,thieving,3703
3703,sonkoleaks,3704
3704,sheep,3705
3705,wail,3706
3706,contributing,3707
3707,06,3708
3708,practice,3709
3709,yall,3710
3710,outs,3711
3711,ğŸŸ,3712
3712,those,3713
3713,underdevelo,3714
3714,clobbe,3715
3715,bicker,3716
3716,kagure,3717
3717,mesmerizingsundaywithmcjihoon,3718
3718,an,3719
3719,â€“,3720
3720,welcomes,3721
3721,150,3722
3722,dismantle,3723
3723,principal,3724
3724,gain,3725
3725,8p,3726
3726,hustl,3727
3727,vide,3728
3728,published,3729
3729,right,3730
3730,kichwa,3731
3731,donate,3732
3732,beanies,3733
3733,factory,3734
3734,jj,3735
3735,expected,3736
3736,entails,3737
3737,masquerading,3738
3738,nowhere,3739
3739,sycophancy,3740
3740,projected,3741
3741,leader,3742
3742,nani,3743
3743,kia,3744
3744,web,3745
3745,declared,3746
3746,photographers,3747
3747,seen,3748
3748,dci,3749
3749,maji,3750
3750,anapiga,3751
3751,â‰¥,3752
3752,infact,3753
3753,least,3754
3754,dare,3755
3755,news,3756
3756,changing,3757
3757,tb,3758
3758,blood,3759
3759,bodas,3760
3760,mandago,3761
3761,also,3762
3762,county,3763
3763,disgrace,3764
3764,chinga,3765
3765,desember,3766
3766,sleep,3767
3767,sh,3768
3768,vpro,3769
3769,gab,3770
3770,mutyambais,3771
3771,upbeat,3772
3772,umo,3773
3773,atw,3774
3774,fraternity,3775
3775,jaws,3776
3776,uniform,3777
3777,today,3778
3778,ground,3779
3779,campaigned,3780
3780,operanewshub,3781
3781,shd,3782
3782,200k,3783
3783,august,3784
3784,uk,3785
3785,demand,3786
3786,wako,3787
3787,expose,3788
3788,engaging,3789
3789,fridah,3790
3790,waweru,3791
3791,shoulder,3792
3792,find,3793
3793,mc,3794
3794,33,3795
3795,understanding,3796
3796,scandal,3797
3797,za,3798
3798,write,3799
3799,ad,3800
3800,follow,3801
3801,kiagu,3802
3802,sleeping,3803
3803,guys,3804
3804,mtoi,3805
3805,fellas,3806
3806,100,3807
3807,signature,3808
3808,achievements,3809
3809,selection,3810
3810,umemuwe,3811
3811,allowed,3812
3812,reque,3813
3813,historically,3814
3814,tasteless,3815
3815,unveil,3816
3816,backed,3817
3817,though,3818
3818,meetings,3819
3819,supporting,3820
3820,huyu,3821
3821,lake,3822
3822,ğŸ¤«,3823
3823,funding,3824
3824,bagmashida,3825
3825,maybe,3826
3826,hikaru,3827
3827,twice,3828
3828,odm,3829
3829,ğŸ˜€,3830
3830,iota,3831
3831,07023701,3832
3832,april,3833
3833,money,3834
3834,progress,3835
3835,te,3836
3836,handcheque,3837
3837,procession,3838
3838,hiro,3839
3839,raising,3840
3840,mambo,3841
3841,haijalishi,3842
3842,zubrim,3843
3843,living,3844
3844,cheap,3845
3845,keter,3846
3846,hustlernation,3847
3847,pnu,3848
3848,sea,3849
3849,rallies,3850
3850,ğŸ’,3851
3851,shilling,3852
3852,photocards,3853
3853,kusarine,3854
3854,compound,3855
3855,fee,3856
3856,taxes,3857
3857,closest,3858
3858,director,3859
3859,amunga,3860
3860,feels,3861
3861,sunday,3862
3862,foot,3863
3863,construction,3864
3864,ought,3865
3865,sang,3866
3866,interrupting,3867
3867,owning,3868
3868,marriage,3869
3869,hi,3870
3870,wat,3871
3871,receiv,3872
3872,yu,3873
3873,ğŸ’ª,3874
3874,ma,3875
3875,doyoungs,3876
3876,killing,3877
3877,mentor,3878
3878,l,3879
3879,hylia,3880
3880,are,3881
3881,202112,3882
3882,voter,3883
3883,background,3884
3884,lived,3885
3885,attended,3886
3886,tasha,3887
3887,alc,3888
3888,as,3889
3889,fans,3890
3890,goalkeepers,3891
3891,kanini,3892
3892,eeeeh,3893
3893,manipulate,3894
3894,aim,3895
3895,bogonkos,3896
3896,safely,3897
3897,assessing,3898
3898,yedam,3899
3899,thu,3900
3900,scam,3901
3901,announced,3902
3902,forgetting,3903
3903,yesterdaymatters,3904
3904,below,3905
3905,cannot,3906
3906,jumping,3907
3907,multiagents,3908
3908,cooking,3909
3909,ğŸ‘,3910
3910,neithe,3911
3911,peop,3912
3912,straight,3913
3913,meshack,3914
3914,mutai,3915
3915,speaking,3916
3916,complexly,3917
3917,under,3918
3918,silver,3919
3919,hallo,3920
3920,kerra,3921
3921,ways,3922
3922,insecurity,3923
3923,ğŸ¥º,3924
3924,permanently,3925
3925,several,3926
3926,reports,3927
3927,tue,3928
3928,donk,3929
3929,teller,3930
3930,lpt,3931
3931,5,3932
3932,legacy,3933
3933,apa,3934
3934,enriching,3935
3935,uhc,3936
3936,maureen1,3937
3937,mil,3938
3938,dream,3939
3939,mule,3940
3940,kibaki,3941
3941,samoei,3942
3942,979742,3943
3943,yibei,3944
3944,blocking,3945
3945,hiy,3946
3946,liberate,3947
3947,finds,3948
3948,twins,3949
3949,date,3950
3950,point,3951
3951,etc,3952
3952,sure,3953
3953,reinvests,3954
3954,morals,3955
3955,allows,3956
3956,atashindwa,3957
3957,sit,3958
3958,ncpb,3959
3959,clip,3960
3960,backstabbing,3961
3961,add,3962
3962,warning,3963
3963,army,3964
3964,securing,3965
3965,ind,3966
3966,government,3967
3967,ahmednasir,3968
3968,defending,3969
3969,humid,3970
3970,lost,3971
3971,realising,3972
3972,kindly,3973
3973,sprinter,3974
3974,loosing,3975
3975,abandoned,3976
3976,british,3977
3977,mnapinga,3978
3978,edmon,3979
3979,promise,3980
3980,galore,3981
3981,ğŸŒŸ,3982
3982,tried,3983
3983,nooo,3984
3984,7th,3985
3985,away,3986
3986,deh,3987
3987,guards,3988
3988,break,3989
3989,luvwere,3990
3990,reception,3991
3991,kimaembe,3992
3992,between,3993
3993,famous,3994
3994,arrival,3995
3995,agai,3996
3996,kuachana,3997
3997,protect,3998
3998,swear,3999
3999,gray,4000
4000,poli,4001
4001,letter,4002
4002,mobilizers,4003
4003,yesterdays,4004
4004,v,4005
4005,agnes,4006
4006,managed,4007
4007,confirm,4008
4008,defector,4009
4009,ğŸ¦,4010
4010,lieing,4011
4011,mass,4012
4012,recovered,4013
4013,ğŸ’¬,4014
4014,broadcasting,4015
4015,umoja,4016
4016,uns,4017
4017,important,4018
4018,reconciliation,4019
4019,bar,4020
4020,china,4021
4021,kind,4022
4022,theft,4023
4023,í•˜ë£¨í† ,4024
4024,archaic,4025
4025,coffers,4026
4026,audicity,4027
4027,rupiah,4028
4028,yutman,4029
4029,chaotic,4030
4030,cynthia,4031
4031,azimioukambani,4032
4032,20k,4033
4033,committing,4034
4034,carcas,4035
4035,deserve,4036
4036,facts,4037
4037,aske,4038
4038,sitting,4039
4039,arrived,4040
4040,pol,4041
4041,voting,4042
4042,ideologies,4043
4043,condole,4044
4044,argue,4045
4045,pity,4046
4046,16th,4047
4047,2022,4048
4048,sisters,4049
4049,threatening,4050
4050,huku,4051
4051,shepherd,4052
4052,excuse,4053
4053,made,4054
4054,wao,4055
4055,besides,4056
4056,pin,4057
4057,bottle,4058
4058,becoz,4059
4059,radio,4060
4060,ğŸ“,4061
4061,filthy,4062
4062,tolerance,4063
4063,killers,4064
4064,re,4065
4065,swallowing,4066
4066,pesa,4067
4067,mtkenya,4068
4068,reli,4069
4069,closes,4070
4070,supports,4071
4071,protesting,4072
4072,hopefuls,4073
4073,soft,4074
4074,ğŸ–Š,4075
4075,jirongo,4076
4076,fre,4077
4077,looong,4078
4078,ki,4079
4079,clearly,4080
4080,process,4081
4081,kiambaaghosts,4082
4082,westernrute,4083
4083,r,4084
4084,jih,4085
4085,generally,4086
4086,incident,4087
4087,closer,4088
4088,continued,4089
4089,07014061,4090
4090,lurking,4091
4091,sore,4092
4092,throwing,4093
4093,lucifer,4094
4094,mess,4095
4095,whil,4096
4096,hq,4097
4097,national,4098
4098,ğŸ†,4099
4099,splashes,4100
4100,mentally,4101
4101,basket,4102
4102,office,4103
4103,smart,4104
4104,conversation,4105
4105,marathon,4106
4106,entered,4107
4107,ride,4108
4108,opposite,4109
4109,arrested,4110
4110,can,4111
4111,talked,4112
4112,dobby,4113
4113,lie,4114
4114,tujibebe,4115
4115,pickes,4116
4116,diana,4117
4117,hustlerke,4118
4118,1050,4119
4119,mig,4120
4120,lakini,4121
4121,waseme,4122
4122,htt,4123
4123,kennedy,4124
4124,ta,4125
4125,chest,4126
4126,nah,4127
4127,since,4128
4128,ar,4129
4129,join,4130
4130,old,4131
4131,spy,4132
4132,teumes,4133
4133,loot,4134
4134,hustler,4135
4135,langata,4136
4136,expense,4137
4137,pe,4138
4138,page,4139
4139,disappear,4140
4140,gold,4141
4141,staunch,4142
4142,bwana,4143
4143,endorsing,4144
4144,path,4145
4145,bub,4146
4146,anc,4147
4147,missing,4148
4148,key,4149
4149,more,4150
4150,dear,4151
4151,electing,4152
4152,solidly,4153
4153,chief,4154
4154,swipe,4155
4155,chris,4156
4156,taxpayer,4157
4157,madam,4158
4158,yapping,4159
4159,copies,4160
4160,deceit,4161
4161,construct,4162
4162,balloons,4163
4163,49,4164
4164,may,4165
4165,captain,4166
4166,hereditary,4167
4167,devolution,4168
4168,took,4169
4169,endorses,4170
4170,alinyorosha,4171
4171,kama,4172
4172,grassroot,4173
4173,matoro,4174
4174,wamejengewa,4175
4175,gov,4176
4176,risk,4177
4177,paint,4178
4178,preacher,4179
4179,ca,4180
4180,â€”,4181
4181,wealt,4182
4182,excellent,4183
4183,developed,4184
4184,overtaken,4185
4185,included,4186
4186,modern,4187
4187,incidents,4188
4188,margin,4189
4189,aloof,4190
4190,forms,4191
4191,kondele,4192
4192,lockscreen,4193
4193,mwingi,4194
4194,5thcgh,4195
4195,chamele,4196
4196,criminal,4197
4197,instincts,4198
4198,honestly,4199
4199,powerful,4200
4200,capacity,4201
4201,swearing,4202
4202,engage,4203
4203,2017,4204
4204,think,4205
4205,simply,4206
4206,don,4207
4207,fun,4208
4208,pass,4209
4209,eyebrow,4210
4210,star,4211
4211,au,4212
4212,jicho,4213
4213,plunges,4214
4214,struggles,4215
4215,ara,4216
4216,favorite,4217
4217,dwarf,4218
4218,twohorse,4219
4219,travels,4220
4220,detriment,4221
4221,3million,4222
4222,late,4223
4223,trips,4224
4224,macharia,4225
4225,mwai,4226
4226,sensitive,4227
4227,cold,4228
4228,upus,4229
4229,imebaki,4230
4230,rot,4231
4231,wambugu,4232
4232,move,4233
4233,results,4234
4234,055votes6mps29mca,4235
4235,interview,4236
4236,voters,4237
4237,waititu,4238
4238,whatsapp,4239
4239,language,4240
4240,happybirthday,4241
4241,avail,4242
4242,factually,4243
4243,brainwash,4244
4244,sifeel,4245
4245,brain,4246
4246,dpm,4247
4247,vu,4248
4248,shake,4249
4249,ff,4250
4250,sorry,4251
4251,buses,4252
4252,perpetrator,4253
4253,otwols,4254
4254,soma,4255
4255,maintain,4256
4256,resulting,4257
4257,folks,4258
4258,easiest,4259
4259,screamed,4260
4260,govt,4261
4261,worked,4262
4262,royal,4263
4263,individuals,4264
4264,yacht,4265
4265,bichachi,4266
4266,bri,4267
4267,200,4268
4268,us,4269
4269,reveals,4270
4270,activists,4271
4271,flown,4272
4272,investigated,4273
4273,ğŸ”,4274
4274,resembles,4275
4275,shouting,4276
4276,barely,4277
4277,takin,4278
4278,wont,4279
4279,else,4280
4280,69,4281
4281,sink,4282
4282,shoots,4283
4283,gema,4284
4284,qualities,4285
4285,insults,4286
4286,ready,4287
4287,confused,4288
4288,maate,4289
4289,audacity,4290
4290,try,4291
4291,could,4292
4292,benefit,4293
4293,tw,4294
4294,domain,4295
4295,preached,4296
4296,attacking,4297
4297,zeal,4298
4298,bodaboda,4299
4299,strategic,4300
4300,shame,4301
4301,year,4302
4302,opportunity,4303
4303,15,4304
4304,chopping,4305
4305,further,4306
4306,answer,4307
4307,diet,4308
4308,ğŸ¤©,4309
4309,bb,4310
4310,punishment,4311
4311,ğŸ¦†,4312
4312,determination,4313
4313,stealing,4314
4314,cuba,4315
4315,politically,4316
4316,nursery,4317
4317,noticed,4318
4318,anytime,4319
4319,mwananchi,4320
4320,empty,4321
4321,destroyed,4322
4322,reply,4323
4323,â™,4324
4324,moves,4325
4325,honarable,4326
4326,longer,4327
4327,bonni,4328
4328,tested,4329
4329,johan,4330
4330,asking,4331
4331,1er,4332
4332,nyinyi,4333
4333,han,4334
4334,having,4335
4335,theyll,4336
4336,officially,4337
4337,looked,4338
4338,dress,4339
4339,weakleaf,4340
4340,seat,4341
4341,thinking,4342
4342,ë‚¨ê³ ê´´ë‹´ep,4343
4343,mercenaries,4344
4344,urban,4345
4345,title,4346
4346,steep,4347
4347,ktn,4348
4348,breaking,4349
4349,goo,4350
4350,panic,4351
4351,ears,4352
4352,consolidate,4353
4353,tainted,4354
4354,everywhere,4355
4355,craze,4356
4356,regrouping,4357
4357,oldman,4358
4358,republic,4359
4359,nctdream,4360
4360,nonstop,4361
4361,international,4362
4362,unmute,4363
4363,help,4364
4364,loose,4365
4365,cb,4366
4366,muthama,4367
4367,wachana,4368
4368,readin,4369
4369,uyu,4370
4370,umepoteza,4371
4371,treating,4372
4372,positive,4373
4373,125k,4374
4374,include,4375
4375,link,4376
4376,points,4377
4377,get,4378
4378,ugly,4379
4379,eye,4380
4380,am,4381
4381,impact,4382
4382,itong,4383
4383,counter,4384
4384,redhanded,4385
4385,three,4386
4386,nyagah,4387
4387,brainsif,4388
4388,gachagu,4389
4389,hide,4390
4390,village,4391
4391,born,4392
4392,mak,4393
4393,agree,4394
4394,ticket,4395
4395,seems,4396
4396,ivo,4397
4397,victory,4398
4398,prior,4399
4399,lack,4400
4400,running,4401
4401,gallgallo,4402
4402,scheme,4403
4403,deputise,4404
4404,causing,4405
4405,ule,4406
4406,parody,4407
4407,turning,4408
4408,picking,4409
4409,syphoned,4410
4410,reject,4411
4411,engineer,4412
4412,action,4413
4413,tune,4414
4414,Ã—,4415
4415,beleaguered,4416
4416,pale,4417
4417,official,4418
4418,dependable,4419
4419,williams,4420
4420,throw,4421
4421,ğŸ¤¯,4422
4422,ackk,4423
4423,migingo,4424
4424,song,4425
4425,mca,4426
4426,nail,4427
4427,uchiha,4428
4428,fault,4429
4429,house,4430
4430,maknae,4431
4431,fr,4432
4432,adei,4433
4433,wangui,4434
4434,school,4435
4435,ã… ,4436
4436,kiambaa,4437
4437,051221,4438
4438,states,4439
4439,tear,4440
4440,destruction,4441
4441,head,4442
4442,concept,4443
4443,inform,4444
4444,githeri,4445
4445,testing,4446
4446,photos,4447
4447,please,4448
4448,learned,4449
4449,njihia,4450
4450,morning,4451
4451,earned,4452
4452,build,4453
4453,glass,4454
4454,joker,4455
4455,bangi,4456
4456,comeback,4457
4457,litre,4458
4458,nct,4459
4459,energy,4460
4460,prezdent,4461
4461,pilferage,4462
4462,ina,4463
4463,resist,4464
4464,kieleweke,4465
4465,update,4466
4466,handchieth,4467
4467,during,4468
4468,coffee,4469
4469,oppose,4470
4470,12,4471
4471,civil,4472
4472,comparing,4473
4473,rescued,4474
4474,speed,4475
4475,tho,4476
4476,regret,4477
4477,nkt,4478
4478,hurt,4479
4479,f,4480
4480,capability,4481
4481,less,4482
4482,carcass,4483
4483,1990s,4484
4484,burn,4485
4485,buff,4486
4486,east,4487
4487,hasira,4488
4488,oiling,4489
4489,exactly,4490
4490,swiftly,4491
4491,labeling,4492
4492,dr,4493
4493,his,4494
4494,allocation,4495
4495,127,4496
4496,promises,4497
4497,av,4498
4498,choose,4499
4499,birthdaaay,4500
4500,op,4501
4501,clothes,4502
4502,inorder,4503
4503,click,4504
4504,8m,4505
4505,together,4506
4506,ditch,4507
4507,problem,4508
4508,noonas,4509
4509,meanwhile,4510
4510,uhuruto,4511
4511,related,4512
4512,ğŸ¤,4513
4513,complain,4514
4514,mind,4515
4515,09997782,4516
4516,anybody,4517
4517,sucker,4518
4518,grown,4519
4519,worried,4520
4520,okie,4521
4521,30w,4522
4522,bookings,4523
4523,keny,4524
4524,kalenjins,4525
4525,benefited,4526
4526,label,4527
4527,worst,4528
4528,faithfuls,4529
4529,buffalo,4530
4530,receives,4531
4531,c,4532
4532,presidentkeep,4533
4533,campaigns,4534
4534,footed,4535
4535,reached,4536
4536,williarm,4537
4537,alooser,4538
4538,everything,4539
4539,mlima,4540
4540,mwangi,4541
4541,obado,4542
4542,loses,4543
4543,dat,4544
4544,nairo,4545
4545,haiwezi,4546
4546,kenya,4547
4547,democratic,4548
4548,coke,4549
4549,kenyatta,4550
4550,totally,4551
4551,isiolo,4552
4552,act,4553
4553,wwfc,4554
4554,properties,4555
4555,countyand,4556
4556,peril,4557
4557,contesting,4558
4558,notif,4559
4559,differen,4560
4560,safaricom,4561
4561,rumours,4562
4562,forgott,4563
4563,nowadays,4564
4564,lift,4565
4565,ferrying,4566
4566,dpruto,4567
4567,responding,4568
4568,asserting,4569
4569,condemning,4570
4570,sprint,4571
4571,distaste,4572
4572,yoonjaehyuk,4573
4573,material,4574
4574,bor,4575
4575,ã…‹ã…‹,4576
4576,mature,4577
4577,suicide,4578
4578,ian,4579
4579,mwerev,4580
4580,busultimate,4581
4581,meaningf,4582
4582,samoe,4583
4583,jeongwoos,4584
4584,webuye,4585
4585,nairobiruto,4586
4586,mononobe,4587
4587,close,4588
4588,kamanda,4589
4589,sky,4590
4590,musalia,4591
4591,740,4592
4592,outdone,4593
4593,primary,4594
4594,tycoon,4595
4595,push,4596
4596,resign,4597
4597,discuss,4598
4598,hos,4599
4599,maltitudes,4600
4600,masks,4601
4601,bado,4602
4602,queen,4603
4603,arms,4604
4604,makala,4605
4605,sugoi,4606
4606,utaskia,4607
4607,ğŸ˜Œ,4608
4608,tunish,4609
4609,selfcontradictory,4610
4610,candidature,4611
4611,transport,4612
4612,stops,4613
4613,evening,4614
4614,use,4615
4615,oot,4616
4616,when,4617
4617,kinda,4618
4618,facing,4619
4619,pains,4620
4620,urgent,4621
4621,majority,4622
4622,nai,4623
4623,bu,4624
4624,tlthe,4625
4625,1906,4626
4626,but,4627
4627,journal,4628
4628,earth,4629
4629,dowry,4630
4630,rut,4631
4631,ğŸ§š,4632
4632,attribute,4633
4633,cookies,4634
4634,counting,4635
4635,billionaire,4636
4636,rural,4637
4637,damage,4638
4638,committee,4639
4639,uasin,4640
4640,violent,4641
4641,homabay,4642
4642,first,4643
4643,bog,4644
4644,seriously,4645
4645,kieni,4646
4646,emerged,4647
4647,uncommon,4648
4648,misuse,4649
4649,uhurutomustgo,4650
4650,blinking,4651
4651,race,4652
4652,collect,4653
4653,acting,4654
4654,accompanied,4655
4655,over,4656
4656,day,4657
4657,wasn,4658
4658,kkkk,4659
4659,legislators,4660
4660,courtesy,4661
4661,ğŸ™‚,4662
4662,citizen,4663
4663,indust,4664
4664,solar,4665
4665,evils,4666
4666,afande,4667
4667,aipca,4668
4668,computer,4669
4669,6k,4670
4670,muteshi,4671
4671,tol,4672
4672,extravigilant,4673
4673,elec,4674
4674,wold,4675
4675,czar,4676
4676,heaven,4677
4677,gods,4678
4678,consummation,4679
4679,claiming,4680
4680,100k,4681
4681,nothing,4682
4682,al,4683
4683,position,4684
4684,nrm,4685
4685,rugby,4686
4686,jw,4687
4687,manager,4688
4688,massaged,4689
4689,insidepolitics,4690
4690,nigga,4691
4691,competing,4692
4692,ğŸ™ˆ,4693
4693,sensei,4694
4694,convention,4695
4695,supervising,4696
4696,fiddle,4697
4697,person,4698
4698,giveaway,4699
4699,airport,4700
4700,given,4701
4701,idolisation,4702
4702,murang,4703
4703,profile,4704
4704,sorenes,4705
4705,akosh,4706
4706,deputizing,4707
4707,existed,4708
4708,blackpinks,4709
4709,bottom,4710
4710,mwea,4711
4711,waiguru,4712
4712,sc,4713
4713,wamegundua,4714
4714,mutyambai,4715
4715,stand,4716
4716,played,4717
4717,kublame,4718
4718,meeting,4719
4719,treas,4720
4720,laced,4721
4721,sleepeth,4722
4722,burnt,4723
4723,juu,4724
4724,korea,4725
4725,william,4726
4726,ğŸ’™,4727
4727,tactics,4728
4728,proverbial,4729
4729,clowning,4730
4730,â¬…,4731
4731,â—,4732
4732,clout,4733
4733,kumbe,4734
4734,bebenefit,4735
4735,condolence,4736
4736,adore,4737
4737,hehehe,4738
4738,list,4739
4739,ğŸ˜»,4740
4740,bonsang,4741
4741,kachagua,4742
4742,aaaaaa,4743
4743,massive,4744
4744,ona,4745
4745,regardless,4746
4746,questioned,4747
4747,gave,4748
4748,looting,4749
4749,bestieee,4750
4750,released,4751
4751,ngong,4752
4752,resor,4753
4753,churches,4754
4754,haimaniishi,4755
4755,open,4756
4756,hiring,4757
4757,word,4758
4758,ask,4759
4759,underrated,4760
4760,miraculous,4761
4761,chance,4762
4762,sabotaged,4763
4763,daily,4764
4764,mantras,4765
4765,instability,4766
4766,muli,4767
4767,tangible,4768
4768,recommendation,4769
4769,acr,4770
4770,goats,4771
4771,kwa,4772
4772,guidan,4773
4773,blank,4774
4774,rutokenyan,4775
4775,remarks,4776
4776,erick,4777
4777,50,4778
4778,conman,4779
4779,follo,4780
4780,insiders,4781
4781,wounds,4782
4782,prayers,4783
4783,ata,4784
4784,realize,4785
4785,wana,4786
4786,brainwashed,4787
4787,apolog,4788
4788,brows,4789
4789,good,4790
4790,heckle,4791
4791,forei,4792
4792,run,4793
4793,twt,4794
4794,airlines,4795
4795,tea,4796
4796,chebukati,4797
4797,judgmentday,4798
4798,matters,4799
4799,female,4800
4800,ğŸ»,4801
4801,advisor,4802
4802,interfered,4803
4803,ndo,4804
4804,636306,4805
4805,not,4806
4806,even,4807
4807,kwenyu,4808
4808,scorched,4809
4809,authority,4810
4810,willing,4811
4811,mcarum,4812
4812,wew,4813
4813,tuesday,4814
4814,sticking,4815
4815,then,4816
4816,eng,4817
4817,mm,4818
4818,ğŸ‘,4819
4819,go,4820
4820,ğŸ˜³,4821
4821,loosely,4822
4822,40,4823
4823,willia,4824
4824,select,4825
4825,referring,4826
4826,according,4827
4827,firstbto,4828
4828,until,4829
4829,jayden,4830
4830,did,4831
4831,outburst,4832
4832,diehard,4833
4833,trouble,4834
4834,poster,4835
4835,extortion,4836
4836,ironic,4837
4837,doubted,4838
4838,yoshi,4839
4839,nyoro,4840
4840,catholics,4841
4841,area,4842
4842,biden,4843
4843,revamp,4844
4844,â˜‘,4845
4845,artists,4846
4846,reelect,4847
4847,mp,4848
4848,daughte,4849
4849,14,4850
4850,millions,4851
4851,optional,4852
4852,harambe,4853
4853,girlfriend,4854
4854,ditching,4855
4855,generation,4856
4856,ğŸ“£,4857
4857,everybody,4858
4858,familiarity,4859
4859,mheshimiwa,4860
4860,branded,4861
4861,nimesikaia,4862
4862,stout,4863
4863,already,4864
4864,castigate,4865
4865,jun,4866
4866,earns,4867
4867,into,4868
4868,fan,4869
4869,retails,4870
4870,sabar,4871
4871,nikuwe,4872
4872,one,4873
4873,3hours,4874
4874,among,4875
4875,mashiho,4876
4876,hand,4877
4877,lieutenants,4878
4878,joseph,4879
4879,richard,4880
4880,sign,4881
4881,adept,4882
4882,rutoatatumaliza,4883
4883,damn,4884
4884,summon,4885
4885,chewed,4886
4886,ukamba,4887
4887,isto,4888
4888,riri,4889
4889,putting,4890
4890,choreographed,4891
4891,bridges,4892
4892,theres,4893
4893,sharp,4894
4894,quite,4895
4895,survivors,4896
4896,umkari,4897
4897,nandi,4898
4898,sun,4899
4899,kwani,4900
4900,really,4901
4901,rigathi,4902
4902,furt,4903
4903,mkono,4904
4904,treasureharuto,4905
4905,kenye,4906
4906,group,4907
4907,aende,4908
4908,pt,4909
4909,isaac9,4910
4910,sk,4911
4911,loser,4912
4912,pleaseee,4913
4913,pocket,4914
4914,voice,4915
4915,fourth,4916
4916,credit,4917
4917,poverty,4918
4918,involved,4919
4919,nominate,4920
4920,straykids,4921
4921,lesilantoi,4922
4922,cock,4923
4923,died,4924
4924,still,4925
4925,discussion,4926
4926,ystrdy,4927
4927,odera,4928
4928,car,4929
4929,alone,4930
4930,wonder,4931
4931,centralruto,4932
4932,transform,4933
4933,seeking,4934
4934,all,4935
4935,despite,4936
4936,serious,4937
4937,cor,4938
4938,sam,4939
4939,halts,4940
4940,cr,4941
4941,protesters,4942
4942,railway,4943
4943,hon,4944
4944,grandmother,4945
4945,stormy,4946
4946,caring,4947
4947,mcas,4948
4948,mon,4949
4949,private,4950
4950,telling,4951
4951,intensifies,4952
4952,ticking,4953
4953,ğŸ˜­,4954
4954,absconded,4955
4955,lemmi,4956
4956,bedroomed,4957
4957,lick,4958
4958,blaming,4959
4959,kuting,4960
4960,aid,4961
4961,retained,4962
4962,haiyaa,4963
4963,esp,4964
4964,biidden,4965
4965,positions,4966
4966,air,4967
4967,hyunsukie,4968
4968,marsabit,4969
4969,bff,4970
4970,strongly,4971
4971,clashes,4972
4972,kenyapolitics,4973
4973,handouts,4974
4974,ha,4975
4975,disregard,4976
4976,speaks,4977
4977,ğŸ‡¦,4978
4978,birthdaayyy,4979
4979,force,4980
4980,suv,4981
4981,presidential,4982
4982,holy,4983
4983,9years,4984
4984,outsmart,4985
4985,chiloba,4986
4986,naona,4987
4987,wakili,4988
4988,finished,4989
4989,isn,4990
4990,gazeti,4991
4991,travel,4992
4992,d,4993
4993,mob,4994
4994,mw,4995
4995,unfavourable,4996
4996,akatuletea,4997
4997,kiptiony,4998
4998,certain,4999
4999,packaged,5000
5000,distance,5001
5001,geniuscharts,5002
5002,2l,5003
5003,candidate,5004
5004,yangu,5005
5005,ğ–¥”,5006
5006,witnesses,5007
5007,lionaire,5008
5008,alive,5009
5009,ako,5010
5010,frame,5011
5011,jeongwooyah,5012
5012,single,5013
5013,vindicating,5014
5014,commissioning,5015
5015,09,5016
5016,bag,5017
5017,mischievous,5018
5018,pinned,5019
5019,receive,5020
5020,mistakes,5021
5021,7b,5022
5022,â¬‡,5023
5023,yearend,5024
5024,jam,5025
5025,incl,5026
5026,dismantled,5027
5027,dropping,5028
5028,mingi,5029
5029,developmental,5030
5030,ğŸ¥­,5031
5031,justify,5032
5032,1m,5033
5033,ukambani,5034
5034,cen,5035
5035,best,5036
5036,grave,5037
5037,amount,5038
5038,final,5039
5039,kivutha,5040
5040,maturity,5041
5041,if,5042
5042,stiltwalkerkenya,5043
5043,specifically,5044
5044,vindicatedhope,5045
5045,lies,5046
5046,vie,5047
5047,hapa,5048
5048,circle,5049
5049,father,5050
5050,plain,5051
5051,suppresses,5052
5052,bro,5053
5053,synovial,5054
5054,mzee,5055
5055,ğŸ’œ,5056
5056,ğŸ§¸,5057
5057,yeye,5058
5058,her,5059
5059,ğŸ’›,5060
5060,stuck,5061
5061,puts,5062
5062,imara,5063
5063,almighty,5064
5064,okoth,5065
5065,peter,5066
5066,set,5067
5067,billionaires,5068
5068,minions,5069
5069,coast,5070
5070,7,5071
5071,life,5072
5072,sudi,5073
5073,wants,5074
5074,doyoung,5075
5075,football,5076
5076,rather,5077
5077,sat,5078
5078,riddles,5079
5079,115k,5080
5080,equality,5081
5081,allocated,5082
5082,rigged,5083
5083,sacco,5084
5084,fresh,5085
5085,likes,5086
5086,ã… ã… ,5087
5087,dumbest,5088
5088,thievery,5089
5089,agriculture,5090
5090,nakuru,5091
5091,misle,5092
5092,mama,5093
5093,prompt,5094
5094,attends,5095
5095,paybill,5096
5096,acha,5097
5097,represent,5098
5098,solely,5099
5099,employment,5100
5100,ex,5101
5101,visits,5102
5102,closed,5103
5103,grant,5104
5104,veronica,5105
5105,nyanza,5106
5106,war,5107
5107,someday,5108
5108,sio,5109
5109,arap,5110
5110,six,5111
5111,correct,5112
5112,classrooms,5113
5113,bring,5114
5114,james,5115
5115,rosÃ©,5116
5116,tra,5117
5117,ğŸ˜,5118
5118,qualifying,5119
5119,foolish,5120
5120,enemies,5121
5121,divided,5122
5122,didn,5123
5123,tha,5124
5124,leather,5125
5125,campaig,5126
5126,uhurus,5127
5127,especially,5128
5128,driven,5129
5129,friendly,5130
5130,episode,5131
5131,psycho,5132
5132,shosh,5133
5133,proofs,5134
5134,njoya,5135
5135,ğŸ‘,5136
5136,rally,5137
5137,imagine,5138
5138,kairu,5139
5139,underestimated,5140
5140,kshs,5141
5141,culture,5142
5142,ğŸ¤”,5143
5143,disciple,5144
5144,existthis,5145
5145,tunasema,5146
5146,kitheka,5147
5147,konyu,5148
5148,ğŸ˜ ,5149
5149,hrs,5150
5150,dange,5151
5151,ever,5152
5152,ameri,5153
5153,diverted,5154
5154,monies,5155
5155,2022elections,5156
5156,informe,5157
5157,shocked,5158
5158,parliament,5159
5159,coz,5160
5160,perspective,5161
5161,suk,5162
5162,or,5163
5163,counties,5164
5164,useless,5165
5165,there,5166
5166,ngirici,5167
5167,shortcuts,5168
5168,tide,5169
5169,machakos,5170
5170,kwenda,5171
5171,75k,5172
5172,suitable,5173
5173,astu,5174
5174,article,5175
5175,biggie,5176
5176,wouldn,5177
5177,subcounty,5178
5178,forget,5179
5179,fools,5180
5180,10,5181
5181,splashed,5182
5182,conveniently,5183
5183,murathe,5184
5184,ahe,5185
5185,tl,5186
5186,pretty,5187
5187,spoiler,5188
5188,ver,5189
5189,used,5190
5190,hassan,5191
5191,information,5192
5192,unfair,5193
5193,performer,5194
5194,nutrition,5195
5195,tr,5196
5196,bridge,5197
5197,kids,5198
5198,spend,5199
5199,associating,5200
5200,offices,5201
5201,default,5202
5202,mins,5203
5203,tonights,5204
5204,criticize,5205
5205,hands,5206
5206,issues,5207
5207,symbol,5208
5208,ngilus,5209
5209,repent,5210
5210,victims,5211
5211,pretending,5212
5212,founder,5213
5213,tangat,5214
5214,10years,5215
5215,k,5216
5216,influence,5217
5217,boxed,5218
5218,incase,5219
5219,beat,5220
5220,fact,5221
5221,giving,5222
5222,loveth,5223
5223,settings,5224
5224,lots,5225
5225,reflections,5226
5226,inseparable,5227
5227,mysterious,5228
5228,operators,5229
5229,maters,5230
5230,no,5231
5231,stilt,5232
5232,hired,5233
5233,way,5234
5234,lawfully,5235
5235,wind,5236
5236,organised,5237
5237,Ï‰,5238
5238,compaigned,5239
5239,contrary,5240
5240,manchester,5241
5241,dan,5242
5242,ï¸,5243
5243,everyon,5244
5244,50b,5245
5245,minister,5246
5246,ğŸŠ,5247
5247,0708,5248
5248,ranting,5249
5249,mtito,5250
5250,livestream,5251
5251,zombies,5252
5252,kariuki,5253
5253,husler,5254
5254,influenceann,5255
5255,barabara,5256
5256,94,5257
5257,says,5258
5258,cameras,5259
5259,confirmed,5260
5260,halow,5261
5261,embark,5262
5262,employed,5263
5263,parliamentary,5264
5264,easter,5265
5265,twende,5266
5266,shirt,5267
5267,going,5268
5268,print,5269
5269,shown,5270
5270,words,5271
5271,boda,5272
5272,gvn,5273
5273,repeat,5274
5274,working,5275
5275,sana,5276
5276,great,5277
5277,competitors,5278
5278,lisa,5279
5279,li,5280
5280,earlier,5281
5281,security,5282
5282,ham,5283
5283,disorder,5284
5284,ve,5285
5285,impartial,5286
5286,emperor,5287
5287,marketing,5288
5288,tickled,5289
5289,oka,5290
5290,found,5291
5291,rao,5292
5292,mochi,5293
5293,lecturing,5294
5294,othaya,5295
5295,asahi,5296
5296,cat,5297
5297,hard,5298
5298,here,5299
5299,gathering,5300
5300,eating,5301
5301,gÃ®kÃ»yÃ»,5302
5302,nouvellephotodeprofil,5303
5303,losing,5304
5304,cheat,5305
5305,substansive,5306
5306,stupid,5307
5307,narrows,5308
5308,wav,5309
5309,once,5310
5310,witchcraft,5311
5311,genius,5312
5312,weda,5313
5313,mayb,5314
5314,sings,5315
5315,mwi,5316
5316,gichuhi,5317
5317,associated,5318
5318,immediately,5319
5319,seem,5320
5320,data,5321
5321,jail,5322
5322,â–·,5323
5323,topple,5324
5324,unforeseen,5325
5325,texting,5326
5326,image,5327
5327,mala,5328
5328,karua,5329
5329,child,5330
5330,opposed,5331
5331,6000,5332
5332,staged,5333
5333,albums,5334
5334,save,5335
5335,possible,5336
5336,military,5337
5337,designed,5338
5338,afraid,5339
5339,indefinitely,5340
5340,expert,5341
5341,equity,5342
5342,af,5343
5343,sum,5344
5344,mwendwa,5345
5345,alicewahom,5346
5346,âš ,5347
5347,warrant,5348
5348,swty,5349
5349,aah,5350
5350,grid,5351
5351,exhibiting,5352
5352,odin,5353
5353,broad,5354
5354,this,5355
5355,ğŸ‘,5356
5356,enyewe,5357
5357,viable,5358
5358,acc,5359
5359,wait,5360
5360,critics,5361
5361,rachelruto,5362
5362,offshore,5363
5363,leadernims,5364
5364,700,5365
5365,strugle,5366
5366,sa,5367
5367,dances,5368
5368,thrashing,5369
5369,roll,5370
5370,challenge,5371
5371,kalenjin,5372
5372,market,5373
5373,complaint,5374
5374,34k,5375
5375,represents,5376
5376,candidat,5377
5377,saying,5378
5378,inclusivity,5379
5379,blames,5380
5380,hallooo,5381
5381,rest,5382
5382,tribal,5383
5383,cool,5384
5384,knee,5385
5385,credited,5386
5386,critically,5387
5387,bigots,5388
5388,8,5389
5389,mlimayaamua,5390
5390,hated,5391
5391,ğŸ˜©,5392
5392,roasted,5393
5393,health,5394
5394,presence,5395
5395,theyd,5396
5396,obscenity,5397
5397,night,5398
5398,celebrated,5399
5399,fm,5400
5400,tangatanga,5401
5401,probably,5402
5402,nelter,5403
5403,using,5404
5404,mbs,5405
5405,loo,5406
5406,mediocre,5407
5407,warn,5408
5408,lieutenant,5409
5409,drury,5410
5410,catholic,5411
5411,ì†Œì •í™˜,5412
5412,dislike,5413
5413,nana,5414
5414,kal,5415
5415,gains,5416
5416,todayyy,5417
5417,berries,5418
5418,awe,5419
5419,double,5420
5420,nonesense,5421
5421,sponsor,5422
5422,advance,5423
5423,connect,5424
5424,rig,5425
5425,religiously,5426
5426,scammed,5427
5427,formed,5428
5428,íŠ¸ë ˆì €,5429
5429,pain,5430
5430,actually,5431
5431,punish,5432
5432,dying,5433
5433,tribes,5434
5434,cover,5435
5435,internal,5436
5436,pressure,5437
5437,w,5438
5438,wh,5439
5439,becomes,5440
5440,mood,5441
5441,fry,5442
5442,fully,5443
5443,mad,5444
5444,barracks,5445
5445,raybert,5446
5446,moot,5447
5447,humans,5448
5448,piece,5449
5449,likekalonzo,5450
5450,bombo,5451
5451,kep,5452
5452,oldsambut,5453
5453,speech,5454
5454,kanyua1,5455
5455,displacement,5456
5456,blew,5457
5457,became,5458
5458,stated,5459
5459,funny,5460
5460,attractive,5461
5461,seating,5462
5462,replaces,5463
5463,spookiest,5464
5464,slippery,5465
5465,unprintable,5466
5466,bluearchive,5467
5467,account,5468
5468,greetings,5469
5469,fallen,5470
5470,oratory,5471
5471,ğŸ’,5472
5472,udach,5473
5473,i,5474
5474,sabotaging,5475
5475,rev,5476
5476,our,5477
5477,12b,5478
5478,ğŸ”„,5479
5479,gover,5480
5480,colonialismunless,5481
5481,mountain,5482
5482,enthusiastic,5483
5483,1000,5484
5484,traditional,5485
5485,duo,5486
5486,whomever,5487
5487,recital,5488
5488,saint,5489
5489,oversight,5490
5490,sma,5491
5491,jeddah,5492
5492,campaigning,5493
5493,jr,5494
5494,records,5495
5495,approved,5496
5496,rainy,5497
5497,p,5498
5498,ğŸ¥,5499
5499,himselfmwambie,5500
5500,sh5million,5501
5501,vacuum,5502
5502,lea,5503
5503,looks,5504
5504,apt,5505
5505,lied,5506
5506,nandis,5507
5507,easily,5508
5508,br,5509
5509,phrases,5510
5510,notes,5511
5511,nearly,5512
5512,doom,5513
5513,should,5514
5514,watu,5515
5515,orkoiyot,5516
5516,just,5517
5517,mugged,5518
5518,tired,5519
5519,yani,5520
5520,kigen,5521
5521,doesnt,5522
5522,paid,5523
5523,seasons,5524
5524,ufungamano,5525
5525,conments,5526
5526,trustworthy,5527
5527,log,5528
5528,atakuambia,5529
5529,12th,5530
5530,â˜,5531
5531,spree,5532
5532,â˜ƒ,5533
5533,otherwise,5534
5534,shots,5535
5535,nrb,5536
5536,kiisha,5537
5537,terms,5538
5538,summons,5539
5539,herself,5540
5540,climb,5541
5541,taoist,5542
5542,alale,5543
5543,irene,5544
5544,confidence,5545
5545,wrote,5546
5546,however,5547
5547,brutalise,5548
5548,delusional,5549
5549,rich,5550
5550,ğ˜¢ğ˜¯ğ˜¥,5551
5551,birds,5552
5552,trying,5553
5553,pointed,5554
5554,rightfully,5555
5555,cards,5556
5556,limit,5557
5557,repressive,5558
5558,taller,5559
5559,mynn,5560
5560,mere,5561
5561,special,5562
5562,tragedies,5563
5563,thereabout,5564
5564,violence,5565
5565,businessman,5566
5566,uncovered,5567
5567,finance,5568
5568,merry,5569
5569,ample,5570
5570,poca,5571
5571,ameshare,5572
5572,ship,5573
5573,whether,5574
5574,it,5575
5575,period,5576
5576,signal,5577
5577,jeans,5578
5578,horse,5579
5579,scandals,5580
5580,mwizi,5581
5581,settle,5582
5582,2nd,5583
5583,rescue,5584
5584,akili,5585
5585,fren,5586
5586,turn,5587
5587,lamu,5588
5588,insisting,5589
5589,plays,5590
5590,getting,5591
5591,amicus,5592
5592,achana,5593
5593,bomas,5594
5594,feign,5595
5595,name,5596
5596,throu,5597
5597,duped,5598
5598,growing,5599
5599,vlive,5600
5600,poison,5601
5601,got,5602
5602,guess,5603
5603,uncovers,5604
5604,20ffs,5605
5605,earn,5606
5606,rate,5607
5607,conference,5608
5608,fuel,5609
5609,dawa,5610
5610,sex,5611
5611,they,5612
5612,project,5613
5613,monday,5614
5614,trumpet,5615
5615,kajiado,5616
5616,âœ¨,5617
5617,fuliza,5618
5618,charity,5619
5619,saturday,5620
5620,badbud,5621
5621,intact,5622
5622,worldwide,5623
5623,ë°•ì •ìš°,5624
5624,wishing,5625
5625,die,5626
5626,honest,5627
5627,himself,5628
5628,pit,5629
5629,exposin,5630
5630,ty,5631
5631,eacc,5632
5632,tangatangas,5633
5633,send,5634
5634,sti,5635
5635,dna,5636
5636,told,5637
5637,situations,5638
5638,shameless,5639
5639,lifts,5640
5640,hewilliam,5641
5641,role,5642
5642,differences,5643
5643,education,5644
5644,elsewher,5645
5645,kaluma,5646
5646,governments,5647
5647,4000,5648
5648,korwa,5649
5649,gospel,5650
5650,scenes,5651
5651,assume,5652
5652,mukhisa,5653
5653,300k,5654
5654,evictions,5655
5655,walk,5656
5656,fantasy,5657
5657,theyre,5658
5658,goal,5659
5659,b,5660
5660,stoped,5661
5661,produce,5662
5662,ensure,5663
5663,moyale,5664
5664,something,5665
5665,teddy,5666
5666,dissertations,5667
5667,launching,5668
5668,address,5669
5669,tim,5670
5670,amounts,5671
5671,ğŸ„,5672
5672,maasais,5673
5673,azimio,5674
5674,planning,5675
5675,means,5676
5676,ğŸ¤¡,5677
5677,awaits,5678
5678,ndc,5679
5679,rock,5680
5680,occurs,5681
5681,pot,5682
5682,mullah,5683
5683,blame,5684
5684,again,5685
5685,fine,5686
5686,2002,5687
5687,commissioner,5688
5688,itafika,5689
5689,otieno,5690
5690,kamariny,5691
5691,went,5692
5692,seats,5693
5693,sentence,5694
5694,bill,5695
5695,kibe,5696
5696,circulatio,5697
5697,rutohis,5698
5698,based,5699
5699,deals,5700
5700,shared,5701
5701,bribing,5702
5702,explains,5703
5703,doe,5704
5704,7million,5705
5705,noy,5706
5706,liar,5707
5707,thinks,5708
5708,blah,5709
5709,legit,5710
5710,ofcourse,5711
5711,thomas,5712
5712,lecture,5713
5713,bright,5714
5714,trust,5715
5715,service,5716
5716,knew,5717
5717,kamala,5718
5718,ë„ì˜,5719
5719,forester,5720
5720,implemented,5721
5721,kazi,5722
5722,platitudes,5723
5723,game,5724
5724,former,5725
5725,fire,5726
5726,whose,5727
5727,ó ¥,5728
5728,focus,5729
5729,â˜¹,5730
5730,sto,5731
5731,drag,5732
5732,anythin,5733
5733,muteshis,5734
5734,uses,5735
5735,pia,5736
5736,presi,5737
5737,cate,5738
5738,tusidanganyane,5739
5739,considering,5740
5740,building,5741
5741,everyone,5742
5742,parliame,5743
